utility,project_id,name,description,need,status,zone,sponsor,border_zone,in_service_raw,in_service_year,start_date,build_start,build_end,window_source,total_cost,kv,endpoint_a,endpoint_b,segments,endpoints_from,edition,in_service_raw_updated,build_start_updated,build_end_updated,edition_updated,new_in_update,project_id_updated,match_note,corridor_group,data_note
GPC,19523,SAV: CC - HYUNDAI MOTORS SAVANNAH AKA. PROJECT EA,"Construct a new Hyundai 230kV substation with an eight element 230kV ring bus and four 230/25kV banks. Construct a new Newton Rd 230kV substation with a five element 230kV ring bus and loop through the Little Ogeechee - Meldrim Black and White 230kV lines. Build two new 230kV lines connecting from Hyundai - Newton Rd (12 miles) and Hyundai - Meldrim (10 miles). At Meldrim, add a breaker to accommodate for the new Hyundai line. Install a 115/25kV bank at Interstate Centre and build a new 115kV line from Interstate Centre - Hyundai (2.3 miles) for bridge power.",,Planned,219,SAV,True,1/1/2025,2025,06/01/2022,2022,2025,start_date,,,Cc,Hyundai Motors Savannah Aka. Ea,"[[""Cc"", ""Hyundai Motors Savannah Aka. Ea""]]",title,,,,,,False,,,,
GTC,18670,GTC: BANKS CROSSING - POND FORK 115 KV,GTC will build a new 115kV line from McClure Industrial to structure 21N on the Ridgeway Church Road Junction or tap point (approximately 3 miles). Close normally open switch at Ridgeway Church Road to establish the Banks Crossing - Pond Fork 115kV line. All new conductors should be 100C 1351 ACSR Martin.,,Planned,212,GTC,False,5/1/2025,2025,06/01/2021,2021,2025,start_date,,115.0,Banks Crossing,Pond Fork,"[[""Banks Crossing"", ""Pond Fork""]]",title,,,,,,False,,,,
GPC,18492,MITCHELL - NORTH TIFTON 230KV RECONDUCTOR,Rebuild 35.21 miles of the Mitchell - North Tifton 230kV line from 100C 795 ACSR to 100C 1351 ACSR.,,Planned,216,GPC,False,5/1/2025,2025,12/31/2021,2021,2025,start_date,,230.0,Mitchell,North Tifton,"[[""Mitchell"", ""North Tifton""]]",title,,,,,,False,,,,
GPC,19676,ADAMSVILLE - JACK MCDONOUGH 230KV LINE REBUILD,Rebuild the entire 6.1 mile Adamsville - Jack McDonough 230kV line with 160C 1351 ACSS.,,Planned,206,GPC,False,6/1/2025,2025,06/01/2023,2023,2025,start_date,,230.0,Adamsville,Jack Mcdonough,"[[""Adamsville"", ""Jack Mcdonough""]]",title,,,,,,False,,,,
GPC,18800,ECHECONNEE-WELLSTON 115KV REBUILD,Rebuild the South Warner Robins to Wellston section (1.2 miles) with 100C 1351.5 ACSR Martin conductor.,,Planned,214,GPC,False,6/1/2025,2025,01/01/2024,2024,2025,start_date,,115.0,Echeconnee,Wellston,"[[""Echeconnee"", ""Wellston""]]",title,,,,,,False,,,Echeconnee | Wellston,
GPC,19187,GRID - BREMEN - CROOKED CREEK (APC) 115 KV PROJECT,"Rebuild from Bremen to Indian Creek Road, on the Bremen - Crooked Creek 115kV line (14 miles), using 795 ACSR conductor at 100C.",,Planned,211,GPC,False,6/1/2025,2025,09/01/2021,2021,2025,start_date,,115.0,Bremen,Crooked Creek,"[[""Bremen"", ""Crooked Creek""]]",title,,,,,,False,,,,
GTC,18153,GTC: BONAIRE PRI- ECHECONNEE 115 KV PARTIAL REBUILD,Rebuild 2.3 miles of the Bonaire Primary - Echeconnee 115kV line with 100C ACSR 795 conductor.,,Planned,214,GTC,False,6/1/2025,2025,01/01/2023,2023,2025,start_date,,115.0,Bonaire Pri- Echeconnee Partial,,"[[""Bonaire Pri- Echeconnee Partial"", null]]",title,,,,,,False,,,,
GTC,20342,GTC: CAMDEN INDUSTRIAL PARK 230/115KV NEW SUBSTATION,"GTC will construct a new 230/115kV substation with a three element 230kV ring bus, two element 115kV ring bus, and one new 230/115kV 400MVA transformer. A new 115kV line to Kinlaw substation will be built also.",,Planned,218,GTC,False,6/1/2025,2025,01/01/2024,2024,2025,start_date,,230.0,Camden Industrial Park,,"[[""Camden Industrial Park"", null]]",title,,,,,,False,,,,
GTC,20590,GTC: EATONTON PRIMARY - LICK CREEK 115KV LINE SWITCH REPLACEMENT,Replace a 1200A RLB line switch on the Eatonton - Lake Oconee 115kV line with a with motor operator and SCADA controls. This switch is located on GTC's Eatonton Primary - Lick Creek 115kV section of the Eatonton Primary - Lake Oconee 115kV Line.,,Planned,214,GTC,False,6/1/2025,2025,12/01/2023,2023,2025,start_date,,115.0,Eatonton Primary,Lick Creek Switch,"[[""Eatonton Primary"", ""Lick Creek Switch""]]",title,,,,,,False,,,,
GPC,11821,JESUP - LUDOWICI PRIMARY 115KV REBUILD,Rebuild approximately 7.5 miles of the Jesup - North Jesup - Rayonier section of the Jesup - Ludowici Primary 115kV line from 100C 336.4 ACSR Linnet conductor to 100C 795 ACSR Drake conductor.,,Planned,218,GPC,False,6/1/2025,2025,06/01/2023,2023,2025,start_date,,115.0,Jesup,Ludowici Primary,"[[""Jesup"", ""Ludowici Primary""]]",title,,,,,,False,,,,
MEAG,13753,MEAG: ALCOVY ROAD - SKC 115 KV RECONDUCTOR,MEAG will reconductor approximately 0.53 miles of 100C 336 ACSR conductor with 100C 1033 ACSR conductor from Alcovy Road to Alcovy Road Jct. on the Alcovy Road - SKC 115kV line.,,Planned,206,MEAG,False,6/1/2025,2025,06/01/2023,2023,2025,start_date,,115.0,Alcovy Road,Skc,"[[""Alcovy Road"", ""Skc""]]",title,,,,,,False,,,,
MEAG,13787,MEAG: AULTMAN ROAD - BONAIRE PRIMARY 115 KV REBUILD,MEAG: Rebuild approximately 1.99 miles of Sleepy Hollow - Peach Blossom 115kV section of the Aultman Road - Bonaire Primary 115kV line from 100C 336 ACSR to 100C 795 ACSR. GTC: Replace the jumpers at Sleepy Hollow with 1590 AAC.,,Planned,214,MEAG,False,6/1/2025,2025,06/01/2023,2023,2025,start_date,,115.0,Aultman Road,Bonaire Primary,"[[""Aultman Road"", ""Bonaire Primary""]]",title,,,,,,False,,,,
GPC,20464,NORCROSS 230KV BUS 1-3 SERIES BUS TIE BREAKER INSTALLATION,Install a bus tie breaker in series with existing bus tie breaker between 230kV Bus 1 and Bus 3 at Norcross.,,Planned,202,GPC,False,6/1/2025,2025,11/01/2023,2023,2025,start_date,,230.0,Norcross Bus 1-3 Series Bus Breaker Installation,,"[[""Norcross Bus 1-3 Series Bus Breaker Installation"", null]]",title,,,,,,False,,,,
GPC,19631,PINE GROVE PRIMARY 115 KV DUAL STAGE CAPACITOR BANK,Install a Dual Stage 30MVAR capacitor bank at Pine Grove Primary.,,Planned,216,GPC,False,6/1/2025,2025,11/01/2023,2023,2025,start_date,,115.0,Pine Grove Primary Dual Stage Capacitor,,"[[""Pine Grove Primary Dual Stage Capacitor"", null]]",title,,,,,,False,,,,
GPC,20067,SAV: DEPTFORD - MAGNOLIA 115KV RECONDUCTOR,Reconductor the Deptford - Magnolia 115kV line (approximately 5 miles) using 973.1 C7 ACCS (Everglades) conductor and upgrade the Deptford main bus.,,Planned,219,SAV,True,6/1/2025,2025,01/01/2023,2023,2025,start_date,,115.0,Deptford,Magnolia,"[[""Deptford"", ""Magnolia""]]",title,,,,,,False,,,,
GPC,20466,SMART VALVE INSTALLATION,Installation of Smart Valve devices inside the Eatonton Primary substation on the Branch - Oasis 230kV and Eatonton Primary - Oasis 230kV lines.,,Planned,214,GPC,False,6/1/2025,2025,10/01/2023,2023,2025,start_date,,,Smart Valve Installation,,"[[""Smart Valve Installation"", null]]",title,,,,,,False,,,,
GPC,21046,THALMANN AND COLERAIN 23O KV LINE RELAY PANEL UPGRADES,Relay protection modifications at GPC's Thalmann and Colerain substations to match relay scheme used at GTC's new Camden Industrial Park 230/115kV substation.,,Planned,218,GPC,False,6/1/2025,2025,12/01/2024,2024,2025,start_date,,,Thalmann,,"[[""Thalmann"", null], [""Colerain"", null]]",title,,,,,,False,,,,
GPC,20431,VILLA RICA LOW SIDE BREAKER,Replace a low side breaker at Villa Rica with a 4000A breaker.,,Planned,211,GPC,False,6/1/2025,2025,06/01/2024,2024,2025,start_date,,,Villa Rica Low Side Breaker,,"[[""Villa Rica Low Side Breaker"", null]]",title,,,,,,False,,,,
GPC,20684,CAMDEN INDUSTRIAL PARK (GPC),This project will loop in GPC's existing Colerain to Thalman 230kV line into GTC's new Camden Industrial Park station. GPC's Kingsland termination at GTC's Kinlaw sub will be relocated to a new 115kV bay position.,,Planned,218,GPC,False,6/1/2025,2025,01/01/2024,2024,2025,start_date,,,Camden Industrial Park,,"[[""Camden Industrial Park"", null]]",title,,,,,,False,,,,
GTC,18774,GTC: HEARD COUNTY - TENASKA 500KV (SECOND LINE),"GTC: Build a second Heard County - Tenaska 500kV line, 0.8 miles, with 100C (3) 1113 ACSR Bluejay conductors. Add a 500kV breaker at Heard County. GPC: Add a 500kV breaker at Tenaska.",,Planned,213,GTC,False,12/1/2025,2025,12/01/2021,2021,2025,start_date,,500.0,Heard County,Tenaska,"[[""Heard County"", ""Tenaska""]]",title,,,,,,False,,,,
GPC,18889,JEFFERSON STREET#3 - NORTHWEST (WHITE) 115 KV RECONDUCTOR,Rebuild the 115kV White line from Northwest to Jefferson Street #3 (1.2 miles) with 200C 1351 ACSS conductor.,,Planned,206,GPC,False,12/1/2025,2025,01/01/2024,2024,2025,start_date,,115.0,Jefferson Street,Northwest,"[[""Jefferson Street"", ""Northwest""]]",title,,,,,,False,,,,
GPC,20326,ANTHONY SHOALS STATCOM SYSTEM,Install a + 150 / - 150 MVAR turnkey STATCOM system at Anthony Shoals 230kV substation.,,Planned,212,GPC,False,12/31/2025,2025,08/04/2023,2023,2025,start_date,,,Anthony Shoals Statcom System,,"[[""Anthony Shoals Statcom System"", null]]",title,,,,,,False,,,,
GPC,20152,CC - CASS PINE- HILL VIEW 230 KV LINE- CC IMPROVEMENTS,Build a new 7.58 mile 200C 1351 ACSS conductor 230kV line between new Cass Pine and Hill View 230kV substations.,,Planned,211,GPC,False,12/31/2025,2025,06/01/2023,2023,2025,start_date,,230.0,Cc,Cass Pine- Hill View - Cc Improvements,"[[""Cc"", ""Cass Pine- Hill View - Cc Improvements""]]",title,,,,,,False,,,,
GPC,20175,CC - PROJECT CHRONOS- SK/HYUNDAI,GPC will build a 230/25kV station named Two Run Ranch and loop it into the Cartersville - Pinson 230kV line to serve SK Battery/Hyundai and new load in the area.,,Planned,211,GPC,False,12/31/2025,2025,07/31/2023,2023,2025,start_date,,,Cc,Chronos- Sk,"[[""Cc"", ""Chronos- Sk""], [""Hyundai"", null]]",title,,,,,,False,,,,
GTC,20010,GTC: ANTHONY SHOALS - WASHINGTON 115 KV LINE REBUILD,Rebuild 21 miles of the Double Branches Junction - Washington 115kV line section with 100C 795 ACSR conductor or higher rated conductor.,,Planned,215,GTC,True,12/31/2025,2025,01/01/2024,2024,2025,start_date,,115.0,Anthony Shoals,Washington,"[[""Anthony Shoals"", ""Washington""]]",title,,,,,,False,,,,
GPC,17075,SAV: LITTLE OGEECHEE 230- 115KV: RELAY MODERNIZATION,Relay modernization with conversion of the 230kV ring bus to BAAH topology and addition of BAAH rung for Big Ogeechee - Little Ogeechee (Red) 230kV Line. Rebuild 115kV straight bus to BAAH design.,,Planned,219,SAV,True,12/31/2025,2025,06/01/2022,2022,2025,start_date,,230.0,Little Ogeechee,,"[[""Little Ogeechee"", null]]",title,,,,,,False,,,,
GTC,18691,GTC: LIZARD LOPE - WESTOVER 115 KV NEW LINE,"Construct two new 115kV stations, Lizard Lope and Westover, and build a new 19.8 miles of 115kV line from Lizard Lope to Gillionville",,Planned,216,GTC,False,3/1/2026,2026,06/01/2021,2021,2026,start_date,,115.0,Lizard Lope,Westover,"[[""Lizard Lope"", ""Westover""]]",title,,,,,,False,,,,
GPC,20018,CC - QTS FAYETTEVILLE TRANSMISSION NEEDS,"Build a new 500/230kV substation (Ashley Park) splitting the Ohara - Union City 500kV line. Install two 500/230kV auto transformers at the Ashley Park station. At Ashley Park, the 500kV side will be a 4 - breaker ring bus, while the 230kV side will be a 2 - rung Breaker and a Half configuration. Build two new 230kV lines (~6 miles each) from Ashley Park to the high side of customer substations. The new lines will be built with bundled 200C 1351 ACSS Martin conductor.",,Planned,208,GPC,False,4/1/2026,2026,06/01/2023,2023,2026,start_date,,,Cc,Qts Fayetteville Needs,"[[""Cc"", ""Qts Fayetteville Needs""]]",title,,,,,,False,,,,
GPC,19597,ADAMSVILLE - BUZZARD ROOST 230KV REBUILD AND JUMPER UPGRADE,Rebuild the line sections from Adamsville to Boat Rock Road (8.08 miles) on the Adamsville - Buzzard Roost 230kV line with 200C 1351 ACSS Martin conductor. Replace the AAC 750 jumper on the line at Adamsville with (2) 1590 AAC jumper. Replace 1590 AAC jumpers at Bakers Ferry and Boat Rock with (2) 1590 AAC jumpers. Replace 1600A line switches at Boat Rock with 3000A switches.,,Planned,208,GPC,False,6/1/2026,2026,06/01/2024,2024,2026,start_date,,230.0,Adamsville,Buzzard Roost,"[[""Adamsville"", ""Buzzard Roost""], [""Jumper"", null]]",title,,,,,,False,,,Adamsville | Buzzard Roost,
GPC,18960,BLANKETS CREEK – WOODSTOCK 115KV LINE REBUILD,"Rebuild the entire Blankets Creek - Woodstock 115kV line, approximately 7.1 miles, with 200C 795 ACSS conductor.",,Planned,201,GPC,False,6/1/2026,2026,06/01/2025,2025,2026,start_date,,115.0,Blankets Creek,Woodstock,"[[""Blankets Creek"", ""Woodstock""]]",title,,,,,,False,,,,
GPC,20243,CC - GARRETT ROAD SWITCHING STATION - TRAE LANE,Build the new Garrett Road 230kV switching station (three - element ring bus) splitting the Villa Rica - West Marietta 230kV line. Build a new 230kV line (8.6 miles) from the Trae Lane substation to the Garrett Road switching station with bundled 100C 1351 ACSR conductor.,,Planned,201,GPC,False,6/1/2026,2026,04/30/2023,2023,2026,start_date,,,Cc,Garrett Road,"[[""Cc"", ""Garrett Road""], [""Garrett Road"", ""Trae Lane""]]",title,,,,,,False,,,,
GPC,20216,CC - STONEWALL TELL ROAD (TA REALTY),"Build 230kV line segment, using 200C 1351 ACSS Martin conductor, to loop in the Stonewall Tell Road (TA Realty) customer station into the East Point - Union City 230kV Black line.",,Planned,208,GPC,False,6/1/2026,2026,01/01/2025,2025,2026,start_date,,,Cc,Stonewall Tell Road,"[[""Cc"", ""Stonewall Tell Road""]]",title,,,,,,False,,,,
DU,18679,DU: EAST DALTON - OOSTANAULA 115KV REBUILD,DU: Rebuild the portion of East Dalton - Oostanaula and Dalton - East Dalton 115kV double circuit lines between East Dalton substation and the Dalton substation frame with 200C 795 ACSS.,,Planned,211,DU,False,6/1/2026,2026,06/01/2023,2023,2026,start_date,,115.0,East Dalton,Oostanaula,"[[""East Dalton"", ""Oostanaula""]]",title,,,,,,False,,,,
GPC,20491,EAST POINT RELAY MODERNIZATION,"Upgrade protection on 230kV buses, 115kV buses, and 230/115kV auto transformer at the East Point station. Add adequate monitoring on DC supply.",,Planned,208,GPC,False,6/1/2026,2026,01/01/2024,2024,2026,start_date,,,East Point,,"[[""East Point"", null]]",title,,,,,,False,,,,
GPC,16007,FENWICK STREET - SAND BAR FERRY 115KV (RECONDUCTOR/REBUILD),Reconductor approximately 2.72 miles of transmission line from Fenwick St to East Augusta Jct. with 100C 1351 ACSR conductor.,,Planned,215,GPC,True,6/1/2026,2026,09/01/2022,2022,2026,start_date,,115.0,Fenwick Street,Sand Bar Ferry,"[[""Fenwick Street"", ""Sand Bar Ferry""]]",title,,,,,,False,,,,
GPC,20516,"GOAT ROCK 230KV SWITCH, JUMPER, & LINE TRAP REPLACEMENT","Replace the 230kV 1200A switch with 3000A, 90C 1351.5 ACSR Martin jumper with (2) AAC 1590, and 1600A line trap with 3000A (part of the Goat Rock - North Opelika 230kV line at Goat Rock substation.",,Planned,213,GPC,False,6/1/2026,2026,01/01/2024,2024,2026,start_date,,230.0,Goat Rock Switch,,"[[""Goat Rock Switch"", null]]",title,,,,,,False,,,,
GPC,19618,GORDON-N DUBLIN 115KV (GORDON-ENGL MCI J) REBUILD,Rebuild the Gordon - Engelhard McIntyre J of the Gordon - North Dublin 115kV line from 100C 336.4 ACSR (2.81 miles) Linnet and 75C 4/0 F Copper/CW (3.18 miles) to 200C ACSS 795 conductor.,,Planned,214,GPC,False,6/1/2026,2026,10/01/2023,2023,2026,start_date,,115.0,Gordon,N Dublin,"[[""Gordon"", ""N Dublin""]]",title,,,,,,False,,,,
GPC,21139,GRADY - MORROW (WHITE) 115KV REBUILD,Replace 0.72 miles of conductor from Moreland Way to Morrow including the bus and jumper at Moreland Way with 1351.5 Martin/ACSS 54/19 conductor.,,Planned,206,GPC,False,6/1/2026,2026,06/01/2024,2024,2026,start_date,,115.0,Grady,Morrow,"[[""Grady"", ""Morrow""]]",title,,,,,,False,,,,
GPC,20474,GRADY 230/115KV RELAY MODERNIZATION,"Upgrade protection on 230kV bus, all 115kV buses, and both 230/115kV auto transformers at Grady. Add adequate monitoring on DC supply. Install a 230kV breaker and associated switches on the high side of Grady 230/115kV auto transformer D.",,Planned,206,GPC,False,6/1/2026,2026,01/01/2024,2024,2026,start_date,,230.0,Grady,,"[[""Grady"", null]]",title,,,,,,False,,,,
GPC,19706,GRID - GAINESVILLE #2 EQUIPMENT REPLACEMENT,GPC: Replace the two 230/115kV auto transformers (Bank C and D) at Gainesville #2 with 400MVA. Project was originally maintenance driven but now compliance driven.,,Planned,212,GPC,False,6/1/2026,2026,12/31/2024,2024,2026,start_date,,,Gainesville Equipment,,"[[""Gainesville Equipment"", null]]",title,,,,,,False,,,,
GTC,21137,GTC: CONYERS - CORNISH MOUNTAIN 115KV LINE UPGRADE,Upgrade 750 jumpers at North Conyers and raise the temperature rating of the 636 ACSR conductor on the Conyers - Cornish MTN 115kV line from 100C to 125C.,,Planned,206,GTC,False,6/1/2026,2026,06/01/2025,2025,2026,start_date,,115.0,Conyers,Cornish Mountain,"[[""Conyers"", ""Cornish Mountain""]]",title,,,,,,False,,,,
GTC,19334,GTC: LAGRANGE - NORTH OPELIKA 230 KV,"Build a new Lagrange - North Opelika (APC) 230kV line, 29.4 miles, with 100C ACSR 1351.5 Martin Conductor. GTC will construct the ~15 - mile section from Lagrange to the Metering Station near the Georgia - Alabama border. The Metering Station will be owned by GTC. GPC will construct the short line section from the Metering Station to the GA - AL state line. APC will construct the 230kV line from the GA - AL state line to North Opelika.",,Planned,213,GTC,False,6/1/2026,2026,06/01/2023,2023,2026,start_date,,230.0,Lagrange,North Opelika,"[[""Lagrange"", ""North Opelika""]]",title,,,,,,False,,,,
GTC,20015,GTC: MORNING HORNET 2ND 230/115 KV BANK & THUMBS UP 115KV TL,"GTC to add a second 230/115kV auto transformer at Morning Hornet substation. Also, build an additional 115kV line from Morning Hornet to Thumbs Up, approximately 2.4 miles, using at least 100C 1351 ACSR conductor.",,Planned,212,GTC,False,6/1/2026,2026,06/01/2024,2024,2026,start_date,,230.0,Morning Hornet 2Nd,,"[[""Morning Hornet 2Nd"", null], [""Thumbs Up Tl"", null]]",title,,,,,,False,,,,
GTC,19999,GTC: ROBINS SPRING BUS REPLACEMENT,GTC: Replace the main 115kV bus 90C ACSR 336.4 Linnet conductor with higher rating.,,Planned,214,GTC,False,6/1/2026,2026,06/01/2023,2023,2026,start_date,,,Robins Spring Bus,,"[[""Robins Spring Bus"", null]]",title,,,,,,False,,,,
GTC,20001,GTC: ROBINS SPRING CAPACITOR BANK INSTALLATION,Install a 115kV 2 - stage 22.5MVAR (45MVAR total) capacitor bank at Robins Spring,,Planned,214,GTC,False,6/1/2026,2026,01/01/2023,2023,2026,start_date,,,Robins Spring Capacitor Installation,,"[[""Robins Spring Capacitor Installation"", null]]",title,,,,,,False,,,,
GPC,19636,HAMMOND - WEISS DAM 115KV LINE REBUILD,Rebuild 11.2 miles of Hammond - Weiss Dam 115kV from Hammond to the APC border with 200C 795 ACSS.,,Planned,211,GPC,False,6/1/2026,2026,06/01/2023,2023,2026,start_date,,115.0,Hammond,Weiss Dam,"[[""Hammond"", ""Weiss Dam""]]",title,,,,,,False,,,,
GPC,20512,KATHLEEN AREA IMPROVEMENTS,Rebuild the Kathleen - Big Grocery Creek 230kV line (approximately 1.5 miles). Rebuild the Bonaire Primary - Kathleen 230kV line (approximately 6 miles). Upgrade limiting elements at Kathleen substation.,,Planned,214,GPC,False,6/1/2026,2026,01/01/2024,2024,2026,start_date,,,Kathleen Area Improvements,,"[[""Kathleen Area Improvements"", null]]",title,,,,,,False,,,,
GPC,20490,KLONDIKE RELAY MODERNIZATION,Upgrade protection on 230kV buses at the Klondike station. Add adequate monitoring on DC supply.,,Planned,206,GPC,False,6/1/2026,2026,01/01/2024,2024,2026,start_date,,,Klondike,,"[[""Klondike"", null]]",title,,,,,,False,,,,
MEAG,19598,MEAG: DRESDEN - LAGRANGE PRIMARY 230KV UPGRADE & JUMPERS,MEAG will re-sag the Dresden - LaGrange Primary 230kV line to 125C. Replace the jumpers at Dresden and LaGrange with (2) 1590 AAC jumpers.,,Planned,213,MEAG,False,6/1/2026,2026,06/01/2024,2024,2026,start_date,,230.0,Dresden,Lagrange Primary,"[[""Dresden"", ""Lagrange Primary""], [""Jumpers"", null]]",title,,,,,,False,,,,
MEAG,20270,MEAG: RAY PLACE RD - WASHINGTON #3,Rebuild the Ray Place Rd - Washington 115kV line with 100C 795 ACSR conductor (total 17.4 Miles) between Ray Place Rd and Washington 2. Replace Jumpers and bus at Washington 2.,,Planned,215,MEAG,True,6/1/2026,2026,01/01/2024,2024,2026,start_date,,,Ray Place Rd,Washington,"[[""Ray Place Rd"", ""Washington""]]",title,,,,,,False,,,Ray Place Rd | Washington,
MEAG,20271,MEAG: RAY PLACE RD - WASHINGTON (WASHINGTON - WASHINGTON 3),MEAG will rebuild the Ray Place Rd - Washington 115kV line with 100C 1351 ACSR conductor (total 1.2 Miles) between Washington and Washington 3. Replace jumpers at Washington.,,Planned,215,MEAG,True,6/1/2026,2026,06/01/2025,2025,2026,start_date,,,Ray Place Rd,Washington,"[[""Ray Place Rd"", ""Washington""]]",title,,,,,,False,,,Ray Place Rd | Washington,
GPC,20300,MORROW 115KV RELAY UPGRADE,Upgrade protection scheme on all three 115kV buses at Morrow.,,Planned,208,GPC,False,6/1/2026,2026,06/01/2024,2024,2026,start_date,,115.0,Morrow,,"[[""Morrow"", null]]",title,,,,,,False,,,,
GPC,18690,PALMYRA REACTOR REMOVAL,Remove the 6% reactor at the Palmyra Substation.,,Planned,216,GPC,False,6/1/2026,2026,05/01/2023,2023,2026,start_date,,,Palmyra Removal,,"[[""Palmyra Removal"", null]]",title,,,,,,False,,,,
GPC,20066,SAV: BOULEVARD - DEPTFORD 115KV RECONDUCTOR,Reconductor the Boulevard - Deptford 115kV line (approximately 8 miles) using 973.1 C7 ACCS (Everglades) conductor. Upgrade main bus and jumpers at Bolton substation from 90C 1590 AAC Coreopsis to 90C (2)1590 AAC Coreopsis or higher rated equipment.,,Planned,219,SAV,True,6/1/2026,2026,06/01/2025,2025,2026,start_date,,115.0,Boulevard,Deptford,"[[""Boulevard"", ""Deptford""]]",title,,,,,,False,,,,
GPC,19966,SAV: CC - BIG OGEECHEE 500/230KV (CC NETWORK IMPROVEMENTS),"Construct a new substation near Little Ogeechee, adjacent to the 500kV and 230kV shared right of way for McCall Road - Thalmann 500kV and the Little Ogeechee - Meldrim 230kV Black and White lines. The new substation will loop in the existing McCall Road - Thalmann 500kV line, the existing Little Ogeechee - Meldrim 230kV lines, and accommodate a new 1344MVA 500/230kV auto transformers with an additional 230kV connection to Little Ogeechee.",,Planned,219,SAV,True,6/1/2026,2026,06/01/2023,2023,2026,start_date,,500.0,Cc,Big Ogeechee,"[[""Cc"", ""Big Ogeechee""]]",title,,,,,,False,,,,
GPC,20277,SAV: MCINTOSH - PURRYSBURG 230KV REACTORS,Install reactors on the McIntosh - Purrysburg (Black and White) 230kV tie lines at McIntosh. Rebuild 0.1 miles (GPC portion) for both lines to (2) 200C 1351 ACSS conductor.,,Planned,219,SAV,True,6/1/2026,2026,01/01/2024,2024,2026,start_date,,230.0,Mcintosh,Purrysburg,"[[""Mcintosh"", ""Purrysburg""]]",title,,,,,,False,,,,
GPC,20489,SCOTTDALE RELAY MODERNIZATION,Upgrade protection on 230kV bus and 230/115kV auto transformers at the Scottdale station. Add adequate monitoring on DC supply.,,Planned,206,GPC,False,6/1/2026,2026,01/01/2024,2024,2026,start_date,,,Scottdale,,"[[""Scottdale"", null]]",title,,,,,,False,,,,
GPC,17900,UNION CITY - YATES 230 KV WHITE LINE REBUILD,Rebuild 23.4 miles of the Union City - Yates 230kV White line with bundled 1351 ACSS Martin conductor at 200C.,,Planned,208,GPC,False,4/1/2026,2026,06/01/2023,2023,2026,start_date,,230.0,Union City,Yates White,"[[""Union City"", ""Yates White""]]",title,,,,,,False,,,,
GPC,20691,UNION CITY - YATES 230KV (WHITE) SWITCH AND TRAP REPLACEMENT,Replace the limiting elements at Union City and Yates substations along the Union City - Yates 230kV (White) line.,,Planned,208,GPC,False,6/1/2026,2026,05/15/2024,2024,2026,start_date,,230.0,Union City,Yates Switch,"[[""Union City"", ""Yates Switch""], [""Trap"", null]]",title,,,,,,False,,,,
GPC,20223,CC - PROJECT PAYTON BAINBRIDGE,Split Farley - South Bainbridge 230kV line with a 230kV station (Dothan Road) and bring an 8.5 mile 200C 1351 ACSS 230kV line from Dothan Rd to new customer sub Downrange. Bring another 10mile 200C 1351 ACSS 230kV line from Climax to customer sub Downrange.,,Planned,216,GPC,False,6/30/2026,2026,06/01/2024,2024,2026,start_date,,,Cc,Payton Bainbridge,"[[""Cc"", ""Payton Bainbridge""]]",title,,,,,,False,,,,
GPC,21022,OHARA BREAKER REPLACEMENT,Replace Breaker on the Ohara - Tara 115kV Line at the Ohara Substation.,,Planned,208,GPC,False,10/1/2026,2026,10/01/2025,2025,2026,start_date,,,Ohara Breaker,,"[[""Ohara Breaker"", null]]",title,,,,,,False,,,,
GPC,20668,DRESDEN LINE PROTECTIVE RELAYING,"On the O'Hara - Wansley 500kV line, replace the protective relay panels associated with the 500kV line terminal facing Dresden, at both O'Hara and Wansley.",,Planned,208,GPC,False,12/1/2026,2026,12/01/2024,2024,2026,start_date,,,Dresden Protective Relaying,,"[[""Dresden Protective Relaying"", null]]",title,,,,,,False,,,,
GTC,20874,GTC: BARNESVILLE PRIMARY- BARNESVILLE #1 115KV RECONDUCTOR,Rebuild approximately 4.53 miles of the Barnesville Primary - Barnesville #1 segment on the Barnesville Primary - Lamar County Industrial 115kV line.,,Planned,213,GTC,False,12/1/2026,2026,06/01/2024,2024,2026,start_date,,115.0,Barnesville Primary- Barnesville,,"[[""Barnesville Primary- Barnesville"", null]]",title,,,,,,False,,,,
GTC,20273,GTC: DRESDEN 500KV BUS EXPANSION,GTC will expand the Dresden 500kV bus into a 5 - element ring bus configuration. Loop the O'Hara - Wansley 500kV line into the Dresden 500kV substation and allow for future Dresden - Talbot 500kV line termination.,,Planned,208,GTC,False,12/1/2026,2026,12/01/2024,2024,2026,start_date,,500.0,Dresden Bus Expansion,,"[[""Dresden Bus Expansion"", null]]",title,,,,,,False,,,,
GTC,20002,GTC: GORDON - SANDERSVILLE #1 115KV LINE REBUILD,Rebuild the 1.87 miles of Sandersville #1 - Sandersville #6 line section of the Gordon - Sandersville #1 115kV line from 100C ACSR 336 conductor to 100C ACSR 795 conductor.,,Planned,214,GTC,False,12/1/2026,2026,02/01/2023,2023,2026,start_date,,115.0,Gordon,Sandersville,"[[""Gordon"", ""Sandersville""]]",title,,,,,,False,,,Gordon | Sandersville,
GPC,20151,CC - CASS PINE 230/25 NEW SUB - QCELLS - CC IMPROVEMENTS,Build a new 230/25kV 8 element ring bus networked substation named Cass Pine that will interconnect between new Great Valley and Hill View 230kV substations.,,Planned,211,GPC,False,12/31/2026,2026,06/01/2024,2024,2026,start_date,,,Cc,Cass Pine,"[[""Cc"", ""Cass Pine""], [""25"", ""Qcells""], [""Qcells"", ""Cc Improvements""]]",title,,,,,,False,,,,
GPC,19287,GRADY-WEST END 115KV REBUILD,Reconductor the Grady - West End 115kV line (2.6 miles) using 200C 1351 ACSS Martin.,,Planned,206,GPC,False,12/31/2026,2026,06/01/2022,2022,2026,start_date,,115.0,Grady,West End,"[[""Grady"", ""West End""]]",title,,,,,,False,,,,
GPC,19363,MORROW - MOUNTAIN VIEW 115 KV REBUILD,Rebuild the Mountain View - Barnett Road section of the Morrow - Mountain View 115kV line with 200C 1351 ACSS Martin conductor.,,Planned,208,GPC,False,12/31/2026,2026,01/01/2024,2024,2026,start_date,,115.0,Morrow,Mountain View,"[[""Morrow"", ""Mountain View""]]",title,,,,,,False,,,,
MEAG,18832,MEAG: FORTSON 230KV SUBSTATION MODERNIZATION,"Complete modernization and replacement of obsolete equipment and relays for the 500kV, 230kV, and 115kV yards. Add a redundant relay scheme at Fortson.",,Planned,213,MEAG,False,1/13/2027,2027,01/01/2025,2025,2027,start_date,,230.0,Fortson,,"[[""Fortson"", null]]",title,,,,,,False,,,,
GPC,20509,CC - EMBLEM RIVERSIDE CUSTOMER SUB (FLEXENTIAL),"A new customer substation, Emblem Riverside, is being built along the Buzzard Roost - Douglasville 230kV line. Moreover, a Fiber ICON ring is being built in the area to help with communications and protection for all customers in the area.",,Planned,201,GPC,False,3/1/2027,2027,06/01/2025,2025,2027,start_date,,,Cc,Emblem Riverside Customer,"[[""Cc"", ""Emblem Riverside Customer""]]",title,,,,,,False,,,,
GTC,19635,GTC: HICKORY LEVEL - VILLA RICA 230KV LINE RECONDUCTOR,GTC will reconductor from 100C 1351 ACSR to 160C 1351 ACSS on 8.6 miles of 230kV line. A 2000A line trap at Villa Rica will also be replaced with a 3000A line trap.,,Planned,211,GTC,False,5/1/2027,2027,05/01/2024,2024,2027,start_date,,230.0,Hickory Level,Villa Rica,"[[""Hickory Level"", ""Villa Rica""]]",title,,,,,,False,,,,
GPC,19601,MORROW - YATES COMMON 115KV LINE UPGRADE,"On the Fife - Fairburn SW - Owens Corning Tap sections of the Morrow - Yates Common 115kV line, rebuild approximately 5.8 miles of 50C 477 ACSR with 210C 1334 T13 ACCR Martin or 200C 1351.0 ACSS Martin.",,Planned,208,GPC,False,5/1/2027,2027,05/01/2024,2024,2027,start_date,,115.0,Morrow,Yates Common,"[[""Morrow"", ""Yates Common""]]",title,,,,,,False,,,,
GPC,15879,POSSUM BRANCH - YATES COMMON 115KV REBUILD (YATES TO CLEM),Rebuild 11.2 miles of 100C 477 ACSR with 200C 1334 T13 ACCR Martin or 200C 1351.0 ACSS between Yates Common to Oak Mountain. Replace limiting elements along the line.,,Planned,211,GPC,False,5/1/2027,2027,06/01/2025,2025,2027,start_date,,115.0,Possum Branch,Yates Common,"[[""Possum Branch"", ""Yates Common""]]",title,,,,,,False,,,,
GPC,20771,CC - GULLATT ROAD TRANSMISSION IMPROVEMENTS,Upstream Transmission improvements to serve a new customer station being built along the Morrow - Yates Common 115kV and Line Creek - Fairburn #2 115kV lines. Rebuild the Morrow - Yates Common 115kV line from Line Creek to the new Gullatt Road customer station. Rebuild the Line Creek - Fairburn #2 115kV line from Line Creek to the new Gullatt Road customer station. Remove the Owens Corning Tap Connection on the Morrow - Yates Common 115kV line and rebuild the line from North Coweta to Str 1. Build new line section from Str 1 to the new Gullatt Road customer station,,Planned,208,GPC,False,6/1/2027,2027,06/01/2024,2024,2027,start_date,,,Cc,Gullatt Road Improvements,"[[""Cc"", ""Gullatt Road Improvements""]]",title,,,,,,False,,,,
GPC,18736,CC - MICROSOFT - SHUGART (CCO06),"GPC will rebuild the Line Creek 230kV substation as breaker and a half configuration and connect the Morrow - Yates 230kV line and the Union City - Yates 230kV White line into Line Creek. For the Union City - Yates 230kV Black line, terminate the line from the Yates side into Shugart Farms, and the line from the Union City side into Line Creek. Build two short lines from Line Creek to Shugart Farms (0.3 miles each) with 100C 1351 ACSR Martin conductor.",,Planned,208,GPC,False,6/1/2027,2027,12/31/2022,2022,2027,start_date,,,Cc,Microsoft,"[[""Cc"", ""Microsoft""], [""Microsoft"", ""Shugart""]]",title,,,,,,False,,,,
GPC,20781,CC - SUMMER LAKE - VILLA RICA 230KV REBUILD (CC IMPROVMNT),Rebuild the 2.5 mile section from Villa Rica to the new East Villa Rica Switching station on the Summer Lake - Villa Rica 230kV line with bundled 200C 1351 ACSS Martin.,,Planned,201,GPC,False,6/1/2027,2027,06/01/2025,2025,2027,start_date,,230.0,Cc,Summer Lake,"[[""Cc"", ""Summer Lake""], [""Summer Lake"", ""Villa Rica""]]",title,,,,,,False,,,,
GPC,20736,CC - TA REALTY ELLENWOOD NETWORK IMPROVEMENTS,"Rebuild the ~14.9mi Austin Drive - Morrow 115kV with 200C 1351.5 ACSS Martin. At Austin Drive 115kV, replace the 115/230kV auto transformer along with upgrades other limiting elements at the station.",,Planned,208,GPC,False,6/1/2027,2027,06/01/2024,2024,2027,start_date,,,Cc,Ta Realty Ellenwood Network Improvements,"[[""Cc"", ""Ta Realty Ellenwood Network Improvements""]]",title,,,,,,False,,,,
GPC,20234,DOYLE - LG&E MONROE 230KV - JACKS CREEK LOOP IN,Loop in and out the new Jack's Creek 230kV switching station into the Doyle - LG&E Monroe 230kV line. This is coordinated with the East Walton Project (TEAMS #09662).,,Planned,212,GPC,False,6/1/2027,2027,01/03/2027,2027,2027,start_date,,230.0,Doyle,Lg,"[[""Doyle"", ""Lg""], [""E Monroe"", ""Jacks Creek Loop In""]]",title,,,,,,False,,,,
GTC,20858,GTC: ADAMSVILLE - BUZZARD ROOST 230KV REBUILD,GTC plans to rebuild 5 miles of line from Buzzard Roost to Boat Rock Road with 200C 1351 ACSS Martin.,,Planned,201,GTC,False,6/1/2027,2027,06/01/2025,2025,2027,start_date,,230.0,Adamsville,Buzzard Roost,"[[""Adamsville"", ""Buzzard Roost""]]",title,,,,,,False,,,Adamsville | Buzzard Roost,
GTC,20776,GTC: DOUGLASVILLE - VILLA RICA 230KV REBUILD (CC IMPROVEMENT),Rebuild the 2.5 mile section from Villa to the new East Villa Rica Switching station on the Douglasville - Villa Rica 230kV line with bundled 200C 1351 ACSS Martin.,,Planned,201,GTC,False,6/1/2027,2027,06/01/2025,2025,2027,start_date,,230.0,Douglasville,Villa Rica,"[[""Douglasville"", ""Villa Rica""]]",title,,,,,,False,,,,
GTC,20778,GTC: DOYLE - WINDER PRIMARY 230KV LINE JUMPER REPLACEMENT,Replace the limiting AAC 1033 jumper with AAC 1590 at Doyle on the Doyle - Winder Primary 230kV line.,,Planned,212,GTC,False,6/1/2027,2027,12/31/2025,2025,2027,start_date,,230.0,Doyle,Winder Primary Jumper,"[[""Doyle"", ""Winder Primary Jumper""]]",title,,,,,,False,,,,
GTC,19358,GTC: EAST MOULTRIE - HIGHWAY 112 230 KV LINE,Build a new 27 miles of 230kV line between HWY 112 and East Moultrie substations with 100C 1351 ACSR conductor.,,Planned,216,GTC,False,6/1/2027,2027,06/01/2022,2022,2027,start_date,,230.0,East Moultrie,Highway,"[[""East Moultrie"", ""Highway""]]",title,,,,,,False,,,,
GTC,09662,GTC: EAST WALTON 500/230KV PROJECT,"GTC: - Construct the East Walton 500/230kV substation. - Construct the Bostwick 230kV switching station. - Construct the East Walton - Rockville 500kV line (3 - 100C 1113 ACSR). - Construct the Bethabara - East Walton 230kV line (170C 1351.5 ACSS). - Construct the Bostwick - East Walton 230kV line (170C 1351.5 ACSS). - Construct the East Walton - Jack's Creek 230kV line (170C 1351.5 ACSS). - At Bethabara, terminate the East Walton 230kV line. - Loop the East Social Circle - East Watkinsville 230kV line into Bostwick. - Replace line trap at East Watkinsville on the Bostwick 230kV line. GPC: - Construct the Rockville 500kV switching station. - Loop the Scherer - Warthen 500kV line into Rockville. - Loop the Doyle - LG&E Monroe 230kV line into Jack's Creek. MEAG: - Construct the Jack's Creek 230kV switching station.",,Planned,212,GTC,False,6/1/2027,2027,06/01/2023,2023,2027,start_date,,500.0,The Bethabara,East Walton,"[[""The Bethabara"", ""East Walton""]]",description,,,,,,False,,,,
GTC,20505,GTC: GARRETT RD - V. RICA 230KV LINE RECONDUCTOR (CC NET IM),"GTC will reconductor the section from East Villa Rica Switching station to Garrett Rd with 160C 1351 ACSS on 11.5 miles of the Garrett Road - Villa Rica 230kV line. Additionally, the 2.5 miles section from East Villa Rica Switching Station to Villa Rica will be rebuilt with bundled 200C 1351 ACSS Martin.",,Planned,201,GTC,False,6/1/2027,2027,01/01/2027,2027,2027,start_date,,230.0,Garrett Rd,V. Rica,"[[""Garrett Rd"", ""V. Rica""]]",title,,,,,,False,,,,
GTC,19622,GTC: RIDDLEVILLE BUS REPLACEMENT,GTC will replace the main 115kV bus at Riddleville substation with higher rating.,,Planned,214,GTC,False,6/1/2027,2027,01/09/2023,2023,2027,start_date,,,Riddleville Bus,,"[[""Riddleville Bus"", null]]",title,,,,,,False,,,,
GTC,19606,GTC: SKC 115KV BUS AND JUMPER REPLACEMENT,Replace the 115kV bus and jumpers at SKC substation with higher rated bus and jumpers with rating higher than 255MVA.,,Planned,206,GTC,False,6/1/2027,2027,06/01/2025,2025,2027,start_date,,115.0,Skc Bus,,"[[""Skc Bus"", null], [""Jumper"", null]]",title,,,,,,False,,,,
GTC,20020,GTC: SOUTH HAZLEHURST - NEW LACY 230KV LINE,GTC will build a new 230kV transmission line between South Hazlehurst (bus 2) and New Lacy substation (approximately 25 miles) with 100C ACSR 1351 Martin conductor. Do all the necessary upgrade work to accommodate the additional line in both facilities.,,Planned,214,GTC,False,6/1/2027,2027,01/15/2024,2024,2027,start_date,,230.0,South Hazlehurst,Lacy,"[[""South Hazlehurst"", ""Lacy""]]",title,,,,,,False,,,,
GTC,20506,GTC: SWITCH WAY - THORNTON ROAD 230KV LINE REBUILD,GTC will rebuild the 1.3 mile Switchway - Thornton Rd 230kV line with 200C 1351 ACSS.,,Planned,201,GTC,False,6/1/2027,2027,01/01/2025,2025,2027,start_date,,230.0,Switch Way,Thornton Road,"[[""Switch Way"", ""Thornton Road""]]",title,,,,,,False,,,,
GPC,18668,JESUP - OFFERMAN 115KV REBUILD,"Rebuild 20 miles of 100C 4/0 ACSR Penguin conductor along the Jesup - Offerman 115kV line, with 100C 795 ACSR Drake conductor.",,Planned,218,GPC,False,6/1/2027,2027,04/06/2021,2021,2027,start_date,,115.0,Jesup,Offerman,"[[""Jesup"", ""Offerman""]]",title,,,,,,False,,,,
GPC,10143,LAWRENCEVILLE - WINDER 115KV LINE REBUILD,Rebuild approximately 1.2 miles of 100C 636 ACSR conductor from Johns Manville to Winder Primary with 200C 795 ACSS conductor.,,Planned,202,GPC,False,6/1/2027,2027,10/15/2026,2026,2027,start_date,,115.0,Lawrenceville,Winder,"[[""Lawrenceville"", ""Winder""]]",title,,,,,,False,,,,
GPC,10481,LAWRENCEVILLE - WINDER PRIMARY 230KV LINE REBUILD,"Rebuild the entire Lawrenceville - Winder Primary 230kV line, approximately 15.4 miles, using 200C 1351 ACSS ""Martin"" conductor.",,Planned,202,GPC,False,6/1/2027,2027,06/01/2024,2024,2027,start_date,,230.0,Lawrenceville,Winder Primary,"[[""Lawrenceville"", ""Winder Primary""]]",title,,,,,,False,,,,
MEAG,20264,MEAG: RAY PLACE RD - WARRENTON PRIMARY,Rebuild 10 miles of Ray Place - Warrenton Primary 115kV line with 100C 2 - 1351 ACSR conductor and replace 1590 AAC Coreopsis jumpers at Warrenton.,,Planned,215,MEAG,True,6/1/2027,2027,01/01/2026,2026,2027,start_date,,,Ray Place Rd,Warrenton Primary,"[[""Ray Place Rd"", ""Warrenton Primary""]]",title,,,,,,False,,,,
GPC,19248,SANDERSVILLE #1 - WADLEY PRI. 115KV REBUILD/RECONDUCTOR,Rebuild approximately 24.3 miles of the Sandersville #1 - Wadley Primary 115kV line from 100C 336 ACSR Linnet conductor to 100C 1351 ACSR Drake conductor. Replace limiting elements in substations along the line.,,Planned,214,GPC,False,6/1/2027,2027,02/15/2022,2022,2027,start_date,,115.0,Sandersville,Wadley Pri,"[[""Sandersville"", ""Wadley Pri""]]",title,,,,,,False,,,,
GPC,20785,SAV: GOSHEN (SAV) - KRAFT 115KV LINE REBUILD,Rebuild 9.3 miles of Goshen - Kraft 115kV line from Kraft - Godley J - Rice Hope from 100C 795 ACSR Drake to 200C 1351 ACSS Martin.,,Planned,219,SAV,True,6/1/2027,2027,06/01/2024,2024,2027,start_date,,115.0,Goshen (SAV),Kraft,"[[""Goshen (SAV)"", ""Kraft""]]",title,,,,,,False,,,,
GPC,20065,SAV: GOSHEN (SAV) - MCINTOSH 115KV LINE REBUILD,"Rebuild the Goshen (Savannah) - Georgia Pacific (Rincon) section, approximately 6.7 miles, of the Goshen (Sav) - McIntosh 115kV line using 100C 795 ACSR Drake conductor.",,Planned,219,SAV,True,6/1/2027,2027,06/01/2025,2025,2027,start_date,,115.0,Goshen (SAV),Mcintosh,"[[""Goshen (SAV)"", ""Mcintosh""]]",title,,,,,,False,,,,
GPC,20717,CC - TOMOCHICHI 500/230KV SOLUTION (CC NETWORK IMPROVEMENTS),"Build the new Tomochichi 500/230kV switching station (four element ring bus 500kV high side, four element breaker and a half 230kV low side) splitting the Ohara - Schere 500kV line. Build two new 230kV lines from the new Tomochichi substation to the new Towaliga River 230kV substation.",,Planned,208,GPC,False,7/15/2027,2027,06/01/2024,2024,2027,start_date,,500.0,Cc,Tomochichi Solution,"[[""Cc"", ""Tomochichi Solution""]]",title,,,,,,False,,,,
GPC,18573,GRID - ARKWRIGHT - LLOYD SHOALS 115KV,Rebuild the Arkwright - Lloyd Shoals 115kV line with 100C 795 ACSR Drake.,,Planned,214,GPC,False,7/30/2027,2027,06/01/2021,2021,2027,start_date,,115.0,Arkwright,Lloyd Shoals,"[[""Arkwright"", ""Lloyd Shoals""]]",title,,,,,,False,,,,
GTC,20591,GTC: EATONTON PRIMARY (035591) - LICK CREEK 115KV REBUILD,Rebuild approximately 7.5 miles Eatonton Primary - Lick Creek 115kV line section with 100C 795 ACSR conductor.,,Planned,214,GTC,False,12/1/2027,2027,10/01/2023,2023,2027,start_date,,115.0,Eatonton Primary,Lick Creek,"[[""Eatonton Primary"", ""Lick Creek""]]",title,,,,,,False,,,,
GPC,17977,ATHENA - EAST WATKINSVILLE 115 KV (REBUILD),Rebuild 8.47 miles of the University of Georgia - East Watkinsville line sections on the Athena - East Watkinsville 115kV line with 100C ACSR 1033 conductor.,,Planned,212,GPC,False,12/31/2027,2027,08/01/2024,2024,2027,start_date,,115.0,Athena,East Watkinsville,"[[""Athena"", ""East Watkinsville""]]",title,,,,,,False,,,,
GPC,20150,CC - HILL VIEW & GRASSY HOLLOW SUB - CC IMPROVEMENTS,Build two 230kV switching stations (Hill View and Grassy Hollow) looping into the Cartersville - McGrau Ford 230kV line (8.5 miles apart). Build two new 230kV lines: Cass Pine - Great Valley and Great Valley - Grassy Hollow (total 10.1 miles) with 200C 1351 ACSS Martin.,,Planned,211,GPC,False,12/31/2027,2027,06/01/2023,2023,2027,start_date,,,Cc,Hill View,"[[""Cc"", ""Hill View""], [""Grassy Hollow"", ""Cc Improvements""]]",title,,,,,,False,,,,
GPC,20024,DYER ROAD - EAST ROANOKE 115KV (REBUILD),Rebuild 20.7 miles of 75C 397.5 ACSR conductor with advanced conductor from Dyer Road to Wansley tap on the Dyer Road - East Roanoke (APC) 115kV line.,,Planned,211,GPC,False,12/31/2027,2027,06/01/2025,2025,2027,start_date,,115.0,Dyer Road,East Roanoke,"[[""Dyer Road"", ""East Roanoke""]]",title,,,,,,False,,,,
GPC,19997,AULTMAN ROAD-PERRY 115KV LINE REBUILD,Rebuild the PPG J2 - Langston Road line section of the Aultman Road - Perry 115kV line from 100C 336 ACSR Linnet conductor to 200C 1351 ACSS conductor.,,Planned,214,GPC,False,6/1/2028,2028,06/01/2025,2025,2028,start_date,,115.0,Aultman Road,Perry,"[[""Aultman Road"", ""Perry""]]",title,,,,,,False,,,,
GPC,20797,CC - EAST VILLA RICA AREA SWITCHING STATION (CC IMPROVEMENT),Build a 7 rung breaker and a half switching station along the right of way of the (3) 230kV lines about 2.5 miles East of Villa Rica to service recently signed customers in the area. All three lines will terminate into this station.,,Planned,201,GPC,False,6/1/2028,2028,06/01/2025,2025,2028,start_date,,,Cc,East Villa Rica Area,"[[""Cc"", ""East Villa Rica Area""]]",title,,,,,,False,,,,
GPC,20774,CC - VILLA RICA UPGRADES (CC NETWORK IMPROVEMENTS),Loop in the Bowen - Union City line into Villa Rica 500kV bus and add a second 2016 MVA 500/230kV auto transformer. Convert the 230kV side to a 10 element breaker and a half scheme.,,Planned,211,GPC,False,6/1/2028,2028,06/01/2026,2026,2028,start_date,,,Cc,Villa Rica,"[[""Cc"", ""Villa Rica""]]",title,,,,,,False,,,,
GPC,21048,FITZGERALD - PITTS 115 KV LINE REBUILD,Rebuild approximately 26.14 miles of the Fitzgerald - Pitts 115kV line with 200C 1351 ACSS.,,Planned,214,GPC,False,6/1/2028,2028,06/01/2025,2025,2028,start_date,,115.0,Fitzgerald,Pitts,"[[""Fitzgerald"", ""Pitts""]]",title,,,,,,False,,,,
GTC,08458,GTC: BARNESVILLE - SOUTH GRIFFIN 230KV PROJECT,"Construct 19 miles of 230kV circuit, on existing ROW, using200C 1351 ACSS conductor from South Griffin 230/115kV substation to the Barnesville 230/69kV substation.",,Planned,213,GTC,False,6/1/2028,2028,01/01/2026,2026,2028,start_date,,230.0,Barnesville,South Griffin,"[[""Barnesville"", ""South Griffin""]]",title,,,,,,False,,,,
GTC,20503,GTC: BARNEYVILLE - EAST MOULTRIE 115KV NEW LINE,Build a new 20 miles of 115kV line with 200C 1351 ACSS from Barneyville to East Moultrie. Add 115kV breakers to Barneyville and East Moultrie substations.,,Planned,216,GTC,False,6/1/2028,2028,06/01/2025,2025,2028,start_date,,115.0,Barneyville,East Moultrie,"[[""Barneyville"", ""East Moultrie""]]",title,,,,,,False,,,,
GTC,20873,GTC: BONAIRE PRIMARY 500/230KV XFMR REPLCMNT & RELAY MOD,"Replace 500/230kV, auto transformer C with a new 448 MVA transformer. Replace obsolete relay panels.",,Planned,214,GTC,False,6/1/2028,2028,03/14/2024,2024,2028,start_date,,500.0,Bonaire Primary Xfmr Replcmnt,,"[[""Bonaire Primary Xfmr Replcmnt"", null], [""Mod"", null]]",title,,,,,,False,,,,
GTC,19992,GTC: BOSTWICK - EAST SOCIAL CIRCLE 230KV RECONDUCTOR,Reconductor 10.8 miles of the East Social Circle - East Watkinsville 230kV line (up to future Bostwick location) from 1033 ACSR Curlew conductor to 1033 ACCR 200C conductor.,,Planned,212,GTC,False,6/1/2028,2028,12/31/2024,2024,2028,start_date,,230.0,Bostwick,East Social Circle,"[[""Bostwick"", ""East Social Circle""]]",title,,,,,,False,,,,
GPC,20777,JACK MCDONOUGH - NORTHWEST (BLACK) 230KV RECONDUCTOR,Rebuild the Jack McDonough - Northwest (Black) 230kV line (4.59 miles) using 200C 1351 Elbrus/TW.,,Planned,206,GPC,False,6/1/2028,2028,06/01/2025,2025,2028,start_date,,230.0,Jack Mcdonough,Northwest,"[[""Jack Mcdonough"", ""Northwest""]]",title,,,,,,False,,,,
MEAG,19629,MEAG: BRUMBLEY CREEK - SOUTH BAINBRIDGE 115KV REBUILD,Rebuild 2.1 miles segment from line tap into Roddenbery Station on the South Bainbridge - Thomasville 115kV line from 50C ACSR TW 762.8 to 200C 1351 ACSS conductor.,,Planned,216,MEAG,False,6/1/2028,2028,01/01/2024,2024,2028,start_date,,115.0,Brumbley Creek,South Bainbridge,"[[""Brumbley Creek"", ""South Bainbridge""]]",title,,,,,,False,,,,
MEAG,19630,MEAG: THOMASVILLE 230/115KV AUTOBANK REPLACEMENT,Replace the 140MVA 230/115kV auto transformer #4 at Thomasville substation.,,Planned,216,MEAG,False,6/1/2028,2028,06/01/2027,2027,2028,start_date,,230.0,Thomasville Autobank,,"[[""Thomasville Autobank"", null]]",title,,,,,,False,,,,
GPC,20482,PITTMAN ROAD - WEST POINT DAM (USA) 115KV REBUILD,Rebuild 3 miles from the Pittman Road 115kV station to the West Point Dam (USA) 115kV station with 100C 1351 ACSS Martin conductor. Replace AAC 750 jumper at Pittman Road 115kV with (2) 1590 AAC.,,Planned,213,GPC,False,6/1/2028,2028,06/01/2025,2025,2028,start_date,,115.0,Pittman Road,West Point Dam,"[[""Pittman Road"", ""West Point Dam""]]",title,,,,,,False,,,,
GPC,20656,PLANT YATES BREAKER AND HALF STATION,Rebuild the Yates 6 & 7 substation to a Breaker and a Half configuration.,,Planned,208,GPC,False,6/1/2028,2028,05/01/2024,2024,2028,start_date,,,Plant Yates Breaker,,"[[""Plant Yates Breaker"", null], [""Half"", null]]",title,,,,,,False,,,,
GPC,20783,SAV: COLEMAN - DEAN FOREST 115KV LINE REBUILD,Rebuild entire line from Coleman to Dean Forest. 6.67 miles of 100C 477 Hawk Conductor with 200C 1351 ACSS Martin conductor.,,Planned,219,SAV,True,6/1/2028,2028,06/01/2025,2025,2028,start_date,,115.0,Coleman,Dean Forest,"[[""Coleman"", ""Dean Forest""]]",title,,,,,,False,,,,
GPC,20407,SAV: MAGNOLIA - TRUMAN PARKWAY 115KV REBUILD,Rebuild 3 miles of the Magnolia - Truman Parkway 115kV from 75C 927 ACAR to 200C 1351 ACSS Martin conductor or higher rated conductor. Upgrade 1200A switches at Magnolia substation to 2000A switches and jumpers at Truman Parkway.,,Planned,219,SAV,True,6/1/2028,2028,06/01/2025,2025,2028,start_date,,115.0,Magnolia,Truman Parkway,"[[""Magnolia"", ""Truman Parkway""]]",title,,,,,,False,,,,
GPC,21069,SMART VALVES AT EAST VILLA RICA SWITCHING STATION,Installation of Power Flow Controllers at the new East Villa Rica Switching Station on the Douglasville - Villa Rica 230kV and Summer Lake - Villa Rica 230kV lines. The Power Flow Controllers will be removed when GTCs strategic project at Cavender Drive goes in service.,,Planned,201,GPC,False,6/1/2028,2028,06/01/2028,2028,2028,start_date,,,Smart Valves At East Villa Rica,,"[[""Smart Valves At East Villa Rica"", null]]",title,,,,,,False,,,,
GPC,20768,SOUTH MACON 115KV BUSES 1 & 2 REPLACEMENT,Replace the 115kV buses 1 and 2 at South Macon with (2) 1590 AAC.,,Planned,214,GPC,False,6/1/2028,2028,01/15/2025,2025,2028,start_date,,115.0,South Macon Buses 1,,"[[""South Macon Buses 1"", null], [""2"", null]]",title,,,,,,False,,,,
GPC,20274,UNION CITY - YATES 230KV (BLACK) LINE REBUILD,"Rebuild the Union City - Yates 230kV Black line with bundled 200C 1351 ACSS Martin conductor. Replace limiting elements at Union City, Fairburn #1 and Line Creek substations.",,Planned,208,GPC,False,6/1/2028,2028,06/01/2025,2025,2028,start_date,,230.0,Union City,Yates,"[[""Union City"", ""Yates""]]",title,,,,,,False,,,,
GPC,13166,FIRST AVENUE - NORTH COLUMBUS 115KV LINE REBUILD,Rebuild the 0.9 miles North Columbus - First Avenue 115kV line (currently 75C 657 ACAR) with 200C 1351 ACSS conductor.,,Planned,213,GPC,False,12/1/2028,2028,01/01/2028,2028,2028,start_date,,115.0,First Avenue,North Columbus,"[[""First Avenue"", ""North Columbus""]]",title,,,,,,False,,,,
GTC,20586,GTC: NORTH DUBLIN 230/115KV TRANSFORMERS AND BUS-TIE BREAKER,"Replace 230/115kV auto transformers A & B with (2) new 230/115kV, 400 MVA auto transformers. Replace 230kV bus tie breaker with a new 2000A breaker. Replace 115kV bus tie breaker with a new 2000A breaker.",,Planned,214,GTC,False,12/1/2028,2028,11/01/2023,2023,2028,start_date,,230.0,North Dublin,,"[[""North Dublin"", null], [""Bus"", ""Breaker""]]",title,,,,,,False,,,,
GPC,21062,ASHLEY PARK-WANSLEY 500KV,"Construct a 500kV line from Ashley Park to Wansley, approximately 35 miles long.",,Planned,208,GPC,False,6/1/2029,2029,12/01/2024,2024,2029,start_date,,500.0,Ashley Park,Wansley,"[[""Ashley Park"", ""Wansley""]]",title,,,,,,False,,,,
GPC,10222,BLAKELY PRIMARY - HUCKLEBERRY 115KV REBUILD,Rebuild the Blakley Primary - Huckleberry 115kV line from 75C 477 ACSR to 200C 1351 ACSS. (13.5 miles) GPC: Replace jumpers at Blakely Primary GTC: Replace jumpers at Blakely and Huckleberry,,Planned,216,GPC,False,6/1/2029,2029,06/01/2025,2025,2029,start_date,,115.0,Blakely Primary,Huckleberry,"[[""Blakely Primary"", ""Huckleberry""]]",title,,,,,,False,,,,
GPC,21047,BROADWAY - ECHECONNEE 115 KV LINE REBUILD,Rebuild the Griffin Rd – Echeconnee line section of Broadway - Echeconnee line with 200C 1351 ACSS conductor.,,Planned,214,GPC,False,6/1/2029,2029,01/01/2025,2025,2029,start_date,,115.0,Broadway,Echeconnee,"[[""Broadway"", ""Echeconnee""]]",title,,,,,,False,,,,
GPC,16887,BUTLER - THOMASTON 230KV LINE CONVERSION,Rebuild the radial Thomaston - Butler 115kV line to 230kV network operation. Make all necessary upgrades and accommodations at Butler and Thomaston. Convert the Wesley substation from 115kV to 230kV.,,Planned,213,GPC,False,6/1/2029,2029,01/01/2025,2025,2029,start_date,,230.0,Butler,Thomaston,"[[""Butler"", ""Thomaston""]]",title,,,,,,False,,,,
GPC,21036,BUZZARD ROOST - FACTORY SHOALS 230KV NEW LINE,A new 2 mile 230kV line is being built from Buzzard Roost to Factory Shoals with 200C 1351 ACSS Martin conductor.,,Planned,201,GPC,False,6/1/2029,2029,06/01/2026,2026,2029,start_date,,230.0,Buzzard Roost,Factory Shoals,"[[""Buzzard Roost"", ""Factory Shoals""]]",title,,,,,,False,,,,
GPC,21142,CONYERS - KLONDIKE 230 KV SECOND LINE,Build a new 6.56 mile line from Conyers to Klondike with 200C (2) 1351 ACSS Martin conductor. Build one new 230kV breaker terminal at Conyers and one new 230kV terminal at Klondike.,,Planned,206,GPC,False,6/1/2029,2029,06/01/2026,2026,2029,start_date,,230.0,Conyers,Klondike,"[[""Conyers"", ""Klondike""]]",title,,,,,,False,,,,
GPC,21138,GLENWOOD SPRINGS - PORTERDALE PRIMARY 230KV LINE SWITCH REPL,Replace the 600A line switch at Porterdale Primary on the Glenwood Springs - Porterdale Primary 230kV Line with 1200A switch.,,Planned,206,GPC,False,6/1/2029,2029,06/01/2029,2029,2029,start_date,,230.0,Glenwood Springs,Porterdale Primary Switch Repl,"[[""Glenwood Springs"", ""Porterdale Primary Switch Repl""]]",title,,,,,,False,,,,
GTC,21112,GTC: BARNESVILLE PRIMARY - THOMASTON 230KV,Rebuild Barnesville Primary - Thomaston 230kV line (13.24 miles) with 100C 1351 ACSS; Replace 1200A switches at Barnesville Primary & Thomaston with 3000A switch; replace associated jumper at both stations.,,Planned,213,GTC,False,6/1/2029,2029,06/01/2027,2027,2029,start_date,,230.0,Barnesville Primary,Thomaston,"[[""Barnesville Primary"", ""Thomaston""]]",title,,,,,,False,,,,
GTC,10814,GTC: BAY CREEK 230/115KV SECOND AUTO TRANSFORMER,"Install a second 230/115kV, 400 MVA auto transformer at the Bay Creek substation.",,Planned,202,GTC,False,6/1/2029,2029,06/01/2028,2028,2029,start_date,,230.0,Bay Creek,,"[[""Bay Creek"", null]]",title,,,,,,False,,,,
GTC,21140,GTC: BONAIRE PRIMARY - EASTMAN PRIMARY 115 KV LINE REBUILD,Rebuild 41.08 miles of the Bonaire Primary - Eastman Primary 115kV Line using 200C 1351ACSS Martin and upgrade the bus at Roddy substation.,,Planned,214,GTC,False,6/1/2029,2029,01/01/2026,2026,2029,start_date,,115.0,Bonaire Primary,Eastman Primary,"[[""Bonaire Primary"", ""Eastman Primary""]]",title,,,,,,False,,,,
GTC,20849,GTC: CLIFTONDALE - LINE CREEK 230KV LINE,An 11.6 mile 230kV line is being built form Cliftondale to Line Creek with 200C 1351 ACSS Martin.,,Planned,201,GTC,False,6/1/2029,2029,06/01/2026,2026,2029,start_date,,230.0,Cliftondale,Creek,"[[""Cliftondale"", ""Creek""]]",title,,,,,,False,,,,
GTC,19950,GTC: DRESDEN - TALBOT 500KV LINE,GTC will build a new 500kV line from Talbot to Dresden (75 miles). This project will create a new Talbot 500/230kV substation with a 500/230kV auto transformers. The low side of the auto transformers will connect to the Talbot County #1 and #2 230kV buses.,,Planned,213,GTC,False,6/1/2029,2029,06/01/2025,2025,2029,start_date,,500.0,Dresden,Talbot,"[[""Dresden"", ""Talbot""]]",title,,,,,,False,,,,
GTC,20760,GTC: HOPEWELL 230/115 KV BANK A,Replace the Hopewell 230/115kV auto transformer with a 400 MVA auto transformer.,,Planned,202,GTC,False,6/1/2029,2029,06/01/2028,2028,2029,start_date,,230.0,Hopewell,,"[[""Hopewell"", null]]",title,,,,,,False,,,,
GTC,21123,GTC: TENASKA - WANSLEY 500KV NEW LINE,Construct a 5 mile long 500kV line between Tenaska and Wansley. Make all necessary accommodations at the substations for the line termination.,,Planned,201,GTC,False,6/1/2029,2029,12/01/2024,2024,2029,start_date,,500.0,Tenaska,Wansley,"[[""Tenaska"", ""Wansley""]]",title,,,,,,False,,,,
GPC,21141,LLOYD SHOALS - PORTERDALE PRIMARY 115KV REBUILD,Rebuild 15.8 miles of 50C 397.5 ACSR Ibis with 200C 1351 ACSS Martin from Jackson Lake to Lloyd Shoals and Jackson Lake to South. Covington Junction.,,Planned,206,GPC,False,6/1/2029,2029,03/01/2026,2026,2029,start_date,,115.0,Lloyd Shoals,Porterdale Primary,"[[""Lloyd Shoals"", ""Porterdale Primary""]]",title,,,,,,False,,,,
GPC,20285,LOWER RIVER - WEBB (APC) 115KV RECONDUCTOR,Reconductor 0.97 miles of 100C 636 Grosbeak Lower River - Webb 115kV line with 200C 795 ACSS Drake conductor.,,Planned,216,GPC,False,6/1/2029,2029,06/01/2025,2025,2029,start_date,,115.0,Lower River,Webb,"[[""Lower River"", ""Webb""]]",title,,,,,,False,,,,
GPC,19621,MCEVER ROAD - SHOAL CREEK 115KV REBUILD,"Rebuild the 636 ACSR (1 mile) of the McEver Road - College Square section, and 2 - 4/0 copper part (2.05 miles) of the College Square to Lakeside WTP B line section, part of the McEver Road - Shoal Creek 115kV line, using 200C 1351 ACSS conductor.",,Planned,212,GPC,False,6/1/2029,2029,12/31/2024,2024,2029,start_date,,115.0,Mcever Road,Shoal Creek,"[[""Mcever Road"", ""Shoal Creek""]]",title,,,,,,False,,,,
GPC,20346,MCMANUS - WEST BRUNSWICK 115KV REBUILD,"Rebuild the McManus - West Brunswick 115kV line, approximately 5.7 miles, with 200C 1351 ACSS Martin conductor.",,Planned,218,GPC,False,6/1/2029,2029,01/01/2026,2026,2029,start_date,,115.0,Mcmanus,West Brunswick,"[[""Mcmanus"", ""West Brunswick""]]",title,,,,,,False,,,,
MEAG,17706,MEAG: AULTMAN ROAD - FORT VALLEY #1 115 KV REBUILD,Rebuild approximately 8 miles of the Aultman Road - Fort Valley #1 115kV line with 200C 1351 ACSS conductor.,,Planned,214,MEAG,False,6/1/2029,2029,06/01/2026,2026,2029,start_date,,115.0,Aultman Road,Fort Valley,"[[""Aultman Road"", ""Fort Valley""]]",title,,,,,,False,,,,
MEAG,11051,MEAG: SLAPPEY DRIVE - WESTOVER 115KV LINE REBUILD,Rebuild 2.92 miles of 100C sagged 477 ACSR Hawk conductor from Slappey Drive to Albany #9 with 1351 ACSR.,,Planned,216,MEAG,False,6/1/2029,2029,06/01/2026,2026,2029,start_date,,115.0,Slappey Drive,Westover,"[[""Slappey Drive"", ""Westover""]]",title,,,,,,False,,,,
GPC,20757,NORCROSS - NORTH DRUID HILLS 115KV REBUILD,"Rebuild the Norcross - Norcross Junction (674) segment, approximately 3.9 miles, from 100C 477 ACSR Hawk conductor to 200C 1351 ACSS ""Martin"" conductor.",,Planned,202,GPC,False,6/1/2029,2029,01/01/2025,2025,2029,start_date,,115.0,Norcross,North Druid Hills,"[[""Norcross"", ""North Druid Hills""]]",title,,,,,,False,,,,
GPC,21006,SAV: BOULEVARD - MAGNOLIA 115 KV LINE REBUILD,Rebuild the entire line from Boulevard to Magnolia (4.56 miles) from 100C 795 ACSR Drake to 200C 1351 ACSS Martin,,Planned,219,SAV,True,6/1/2029,2029,01/01/2027,2027,2029,start_date,,115.0,Boulevard,Magnolia,"[[""Boulevard"", ""Magnolia""]]",title,,,,,,False,,,,
GPC,21023,SAV: DEAN FOREST - LITTLE OGEECHEE 230 KV REBUILD,"Rebuild the entire line from Little Ogeechee - Salt Creek and Salt Creek - Dean Forest, approximately 8 miles, using 200C 1351 ACSS/Martin. Upgrade jumpers at the Little Ogeechee terminal.",,Planned,219,SAV,True,6/1/2029,2029,01/01/2026,2026,2029,start_date,,230.0,Dean Forest,Little Ogeechee,"[[""Dean Forest"", ""Little Ogeechee""]]",title,,,,,,False,,,,
GPC,20989,SAV: RICE HOPE NEW AUTO TRANSFORMER,Install a new 230/115kV 400MVA auto transformer at Rice Hope and loop in the Crossgate - McIntosh 230kV line.,,Planned,219,SAV,True,6/1/2029,2029,06/01/2025,2025,2029,start_date,,,Rice Hope,,"[[""Rice Hope"", null]]",title,,,,,,False,,,,
GPC,13628,SOUTH BAINBRIDGE - SINAI (FPL) 115KV LINE RECONDUCTOR,Rebuild the Four Mile tap - Recovery - Sinai (FPL) segment of the Sinai (FPL) - South Bainbridge 115kV line from 100C 336.4 ACSR to 200C 1351 ACSS. 9.8 miles in FPL and 13.75 miles in GPC At Recovery (GTC): Replace 100C 336.4 ACSR string bus with higher rating and jumpers with (1) 1590 AAC At Sinai (FPL): Replace 100C 336.4 ACSR string bus with higher rating,,Planned,216,GPC,False,6/1/2029,2029,06/01/2025,2025,2029,start_date,,115.0,South Bainbridge,Sinai,"[[""South Bainbridge"", ""Sinai""]]",title,,,,,,False,,,,
GPC,20248,BAY CREEK - CONYERS 230KV REBUILD,"GPC will rebuild the Bay Creek - Conyers 230kV line, approximately 15.29 miles, using 200C 1351 ACSS ""Martin"" conductor.",,Planned,202,GPC,False,12/31/2029,2029,06/01/2031,2028,2029,estimated,,230.0,Bay Creek,Conyers,"[[""Bay Creek"", ""Conyers""]]",title,,,,,,False,,,,PDF start date 06/01/2031 is after need date 12/31/2029; window estimated
GPC,21129,ANNISTON - HAMMOND 230KV LINE,Rebuild the 28.12 miles section between Hammond and the Goshen tap with 200C 1351 ACSS Martin conductor.,,Planned,211,GPC,False,6/1/2030,2030,06/01/2025,2025,2030,start_date,,230.0,Anniston,Hammond,"[[""Anniston"", ""Hammond""]]",title,,,,,,False,,,,
GPC,20764,ATKINSON - NORTHSIDE DRIVE 115KV REBUILD,"Rebuild a portion of the Atkinson - Northside 115kV line, approximately 3.2 miles from Atkinson to Chattahoochee with 200C 1351 ACSS Martin.",,Planned,201,GPC,False,6/1/2030,2030,06/01/2027,2027,2030,start_date,,115.0,Atkinson,Northside Drive,"[[""Atkinson"", ""Northside Drive""]]",title,,,,,,False,,,,
GPC,20761,ATKINSON - NORTHWEST 115KV REBUILD,Rebuild the 1.2 mile Atkinson - Tilford Yards section of the Atkinson - Northwest 115kV with 200C 1351 ACSS Martin.,,Planned,201,GPC,False,6/1/2030,2030,06/01/2027,2027,2030,start_date,,115.0,Atkinson,Northwest,"[[""Atkinson"", ""Northwest""]]",title,,,,,,False,,,,
GPC,21130,CC - NORTH GEORGIA DATA NETWORK UPGRADES,Construct approximately 7 miles of 115kV line with minimum 170C 1351 ACSS conductor from Gillsville Tap Junction to Midway. Utilize the existing GPC owned North Jackson - Lawrence Smith 46kV ROW that is to be retired. Disconnect the East Maysville 115kV tap at Midway 115kV and terminate the new Pond Fork - Midway 115kV line.,,Planned,212,GPC,False,6/1/2030,2030,06/01/2026,2026,2030,start_date,,,Cc,North Georgia Data Network,"[[""Cc"", ""North Georgia Data Network""]]",title,,,,,,False,,,,
GPC,10478,CORNELIA - TALLULAH LODGE 115KV REBUILD,Rebuild approximately 9.7 miles of the Cornelia - Chase Road - Clarksville - Hollywood segments of the Cornelia - Tallulah Lodge 115kV line with 200C 795 ACSS conductor.,,Planned,212,GPC,False,6/1/2030,2030,06/01/2027,2027,2030,start_date,,115.0,Cornelia,Tallulah Lodge,"[[""Cornelia"", ""Tallulah Lodge""]]",title,,,,,,False,,,,
DU,18669,DU: DAWSON CROSSING - NELSON (WHITE) 115 KV REBUILD,Rebuild approximately 15.7 miles of the Dawson Crossing - Etowah - Reavis Mountain - Nelson sections of the Dawson Crossing - Nelson (White) 115kV line with 1351 ACSS conductor. GPC will make any necessary relaying changes at Dawson Crossing.,,Planned,212,DU,False,6/1/2030,2030,12/31/2024,2024,2030,start_date,,115.0,Dawson Crossing,Nelson,"[[""Dawson Crossing"", ""Nelson""]]",title,,,,,,False,,,,
GPC,21097,EAST POINT - TRIBUTARY 230KV REBUILD,Rebuild the 2.9 mile section from Cavender Drive to Marietta 25 with 200C 1351 ACSS conductor on the East Point - Tributary 230kV line.,,Planned,201,GPC,False,6/1/2030,2030,06/01/2027,2027,2030,start_date,,230.0,East Point,Tributary,"[[""East Point"", ""Tributary""]]",title,,,,,,False,,,,
GPC,20480,EAST POINT - UNION CITY 230KV BLACK LINE RECONDUCTOR,Reconductor the 1.5 mile section from Flat Shoals Road station to the Stonewall Tell loop - in point on the East Point - Union City 230kV Black line with 200C 1351 ACSS Martin conductor. Replace limiting elements at Union City,,Planned,208,GPC,False,6/1/2030,2030,06/01/2028,2028,2030,start_date,,230.0,East Point,Union City Black,"[[""East Point"", ""Union City Black""]]",title,,,,,,False,,,,
GPC,19627,ECHECONNEE-WELLSTON 115KV LINE REBUILD,Rebuild approximately 11.8 miles of the Echeconnee - Wellston 115kV line with 200C 1351 ACSS conductor and the limiting elements along the line with higher ratings. Replace the Bus at North Warner Robins with 1590 AAC.,,Planned,214,GPC,False,6/1/2030,2030,06/01/2023,2023,2030,start_date,,115.0,Echeconnee,Wellston,"[[""Echeconnee"", ""Wellston""]]",title,,,,,,False,,,Echeconnee | Wellston,
GPC,21063,FARLEY (APC)-TAZEWELL 500KV,"Construct a new 500kV line from Farley (APC) to Tazewell substation, approximately 120 miles long. Construct a 5 breaker 500kV ring bus to loop in the Blacksmith - Talbot 500kV line, terminate the new Farley - Tazewell 500kV and Talbot #2 - Tazewell 500kV lines. Install a 500/230kV auto transformer to connect to the existing 230kV switchyard.",,Planned,216,GPC,False,6/1/2030,2030,12/01/2024,2024,2030,start_date,,500.0,Farley -Tazewell,,"[[""Farley -Tazewell"", null]]",title,,,,,,False,,,,
GPC,12120,GAINESVILLE #2 - MCEVER ROAD 115 KV REBUILD,Rebuild approximately 5.3 miles of the Gainesville #2 - McEver Rd 115kV line with 200C 1351 ACSS conductor.,,Planned,212,GPC,False,6/1/2030,2030,12/31/2025,2025,2030,start_date,,115.0,Gainesville,Mcever Road,"[[""Gainesville"", ""Mcever Road""]]",title,,,,,,False,,,,
GPC,20298,GLENWOOD SPRINGS - LAKE OCONEE 115KV LINE REBUILD,Rebuild the North Eatonton Junction - Putnam Sawmill Junction line with 200C 1351 ACSS conductor.,,Planned,214,GPC,False,6/1/2030,2030,06/01/2027,2027,2030,start_date,,115.0,Glenwood Springs,Lake Oconee,"[[""Glenwood Springs"", ""Lake Oconee""]]",title,,,,,,False,,,,
GPC,21128,GOAT ROCK REACTORS INSTALLATION,Install 1% series reactors on the Fortson - Goat Rock (Black) 230kV and Fortson - Goat Rock (White) 230kV.,,Planned,213,GPC,False,6/1/2030,2030,06/01/2028,2028,2030,start_date,,,Goat Rock Installation,,"[[""Goat Rock Installation"", null]]",title,,,,,,False,,,,
GPC,19996,GOLDENS CREEK - WARRENTON PRIMARY 230KV REBUILD,Rebuild approximately 0.34 miles of the Goldens Creek - Warrenton Primary 230kV line from 100C 1 - 1351.5 ACSR Martin conductor to 200C 1351 ACCR Martin conductor or equivalent.,,Planned,215,GPC,True,6/1/2030,2030,06/01/2028,2028,2030,start_date,,230.0,Goldens Creek,Warrenton Primary,"[[""Goldens Creek"", ""Warrenton Primary""]]",title,,,,,,False,,,,
GPC,20428,GORDON-SANDERSVILLE #1 115KV LINE REBUILD (DEEPSTEP-SAND #6),"Rebuild the Deepstep - Robins Spring (7.6 miles) Robins Spring - Kaolin J (2.23mi), and Kaolin J - Sandersville #6 (0.66 miles) line sections of the Gordon - Sandersville #1 115kV line. Rebuild a total of 10.49 miles from 100C 336 ACSR to 100C ACSR 795 conductor.",,Planned,214,GPC,False,6/1/2030,2030,12/01/2023,2023,2030,start_date,,115.0,Gordon,Sandersville,"[[""Gordon"", ""Sandersville""]]",title,,,,,,False,,,Gordon | Sandersville,
GPC,21116,GOSHEN AREA STRATEGIC SOLUTION,"Construct a 230kV switching station on the Waynesboro - Wilson 230kV line and a new 230kV line between the switching station and Goshen, approximately 12.3 miles. Provides an alternate power flow path into Goshen outside of the existing constrained Goshen - Vogtle corridor.",,Planned,215,GPC,True,6/1/2030,2030,06/01/2025,2025,2030,start_date,,,Goshen Area Solution,,"[[""Goshen Area Solution"", null]]",title,,,,,,False,,,,
GTC,21073,GTC: BIG SMARR - TOMOCHICHI 500KV,"Construct a 500kV line from Big Smarr to Tomochichi, approximately 36 miles long. Make the necessary modifications at Big Smarr and Tomochichi to add breakers and terminate the line.",,Planned,208,GTC,False,6/1/2030,2030,12/01/2024,2024,2030,start_date,,500.0,Big Smarr,Tomochichi,"[[""Big Smarr"", ""Tomochichi""]]",title,,,,,,False,,,,
GTC,21014,GTC: BUZZARD ROOST - CAVENDER DRIVE 230KV NEW LINE,GTC is building a new 7 mile 230kV line from Cavender Drive to Buzzard Roost with 200C 1351 ACSS Martin.,,Planned,201,GTC,False,6/1/2030,2030,06/01/2026,2026,2030,start_date,,230.0,Buzzard Roost,Cavender Drive,"[[""Buzzard Roost"", ""Cavender Drive""]]",title,,,,,,False,,,,
GTC,21013,GTC: CAVENDER DRIVE 500/230KV AUTOBANK,"GTC will turn Cavender Drive into a 500/230kV station looping in the Villa Rica - Union City 500kV line, installing a 2016 MVA auto transformer.",,Planned,201,GTC,False,6/1/2030,2030,06/01/2026,2026,2030,start_date,,500.0,Cavender Drive Autobank,,"[[""Cavender Drive Autobank"", null]]",title,,,,,,False,,,,
GTC,20375,GTC: EAST WATKINSVILLE 230 KV STATION MODIFICATION,Replace the 1600A reactors at East Watkinsville on the Russell Dam 230kV line with larger size.,,Planned,212,GTC,False,6/1/2030,2030,06/01/2028,2028,2030,start_date,,230.0,East Watkinsville Modification,,"[[""East Watkinsville Modification"", null]]",title,,,,,,False,,,,
GTC,21111,GTC: HARTWELL DAM - HARTWELL ENERGY 230KV SERIES REACTORS,GTC: Replace the 1600A series reactors on the Hartwell Dam - Hartwell Energy 230kV line with 3000A.,,Planned,212,GTC,False,6/1/2030,2030,06/01/2027,2027,2030,start_date,,230.0,Hartwell Dam,Hartwell Energy Series,"[[""Hartwell Dam"", ""Hartwell Energy Series""]]",title,,,,,,False,,,,
GTC,21113,GTC: HARTWELL ENERGY - MIDDLE FORK 230KV LINE,"Construct a new 230kV line, approx. 35 miles, from Hartwell Energy to Middle Fork with 200C (2) 1351 ACSS conductor. GTC: Expand Hartwell Energy 230kV and Middle Fork 230kV as necessary to install breakers to accept new line termination.",,Planned,212,GTC,False,6/1/2030,2030,06/01/2027,2027,2030,start_date,,230.0,Hartwell Energy,Middle Fork,"[[""Hartwell Energy"", ""Middle Fork""]]",title,,,,,,False,,,,
GTC,21131,GTC: POND FORK - MIDWAY 115KV LINE,"GTC: Construct approximately 6 miles of 115kV line with minimum 170C 1351 ACSS conductor from Gillsville Tap Junction to Pond Fork, utilizing the existing GTC owned portion of the North Jackson - Lawrence Smith 46kV ROW. At Pond Fork, install a second 230/115kV 400MVA auto transformer and terminate the Pond Fork - Midway 115kV line.",,Planned,212,GTC,False,6/1/2030,2030,06/01/2026,2026,2030,start_date,,115.0,Pond Fork,Midway,"[[""Pond Fork"", ""Midway""]]",title,,,,,,False,,,,
GTC,21077,GTC: ROCKVILLE - TIGER CREEK -WARTHEN 500KV LINES,"Build the new 500kV line from Rockville to Tiger Creek and Tiger Creek to Warthen, approximately 20 miles and 9 miles long respectively. Build a 500kV yard at Tiger Creek and install a 500/230kV auto transformer. Make all necessary accommodations at Warthen and Rockville for the new 500kV breakers.",,Planned,214,GTC,False,6/1/2030,2030,12/01/2024,2024,2030,start_date,,500.0,Rockville,Tiger Creek -Warthen,"[[""Rockville"", ""Tiger Creek -Warthen""]]",title,,,,,,False,,,,
GTC,21076,GTC: TALLBOT #2 - TAZEWELL 500KV LINE,"Build a new 500kV line from Tazewell to Talbot #2, approximately 20 miles. Make all necessary accommodations at Tazewell and Talbot #2 for the new 500kV breakers and line termination.",,Planned,216,GTC,False,6/1/2030,2030,12/01/2024,2024,2030,start_date,,500.0,Tallbot,Tazewell,"[[""Tallbot"", ""Tazewell""]]",title,,,,,,False,,,,
GTC,21094,GTC: TIGER CREEK- ROCKVILLE-NORTH SPA 230KV PROJECT,Build a new 4 - breaker 230kV ring bus at Rockville substation (no auto transformer to be added at this time). Loop in the Eatonton Primary #2 - Wallace Dam 230kV line. Build a new line 230kV line to Tiger Creek. Build a new 230kV line to North Spa.,,Planned,214,GTC,False,6/1/2030,2030,01/01/2025,2025,2030,start_date,,230.0,Tiger Creek- Rockville,North Spa,"[[""Tiger Creek- Rockville"", ""North Spa""]]",title,,,,,,False,,,,
GPC,20789,JEFFERSON ROAD - WINDER PRIMARY 115KV REBUILD,Rebuild approximately 11 miles of the Jefferson Road - Russell - Richardson Street Junction segments of the Jefferson Road - Winder Primary 115kV line with 200C 1351 ACSS Martin conductor.,,Planned,212,GPC,False,6/1/2030,2030,06/01/2025,2025,2030,start_date,,115.0,Jefferson Road,Winder Primary,"[[""Jefferson Road"", ""Winder Primary""]]",title,,,,,,False,,,,
GPC,20284,KETTLE CREEK PRIMARY - PINE GROVE PRIMARY 115KV REBUILD,Rebuild approximately 38.04 miles of 50C 4/0 ACSR conductor from the Pine Grove to the Pearson tap using 200C 1351 ACSS conductor.,,Planned,216,GPC,False,6/1/2030,2030,06/02/2026,2026,2030,start_date,,115.0,Kettle Creek Primary,Pine Grove Primary,"[[""Kettle Creek Primary"", ""Pine Grove Primary""]]",title,,,,,,False,,,,
MEAG,21118,MEAG: ATHENA - WARRENTON 230KV CONVERSION,"Reconductor/rebuild and convert the 115kV lines from Athena - Union Point - Ray Place Road - Warrenton Primary to 230kV operation. Expand Athena 230kV bus for new line termination, construct 230kV bus at Union Point, and expand 230kV bus at Warrenton Primary for new line termination. Install 230/115kV auto transformers at Union Point Primary and Ray Place Road. Replace limiting network equipment at substations along the line.",,Planned,215,MEAG,True,6/1/2030,2030,06/01/2025,2025,2030,start_date,,230.0,Athena,Warrenton,"[[""Athena"", ""Warrenton""]]",title,,,,,,False,,,,
GPC,20857,NEW CAVENDER DRIVE - TRIBUTARY 230KV LINE,Build a new 4 mile 230kV line from Cavender Drive to Tributary with 200C 1351 ACSS Martin.,,Planned,201,GPC,False,6/1/2030,2030,06/01/2026,2026,2030,start_date,,230.0,Cavender Drive,Tributary,"[[""Cavender Drive"", ""Tributary""]]",title,,,,,,False,,,,
GPC,21093,NORTH SPA 230KV STRATEGIC PROJECT,This project includes the following scope of work: Build a new 230kV switching station north of Oasis in a ring bus configuration with 4 - breakers. Loop in the East Social Circle - Oasis (White) 230kV line. Build a new 230kV line to Cornish Mountain from North Spa. New 230kV line from Rockville 230kV will terminate in this station.,,Planned,214,GPC,False,6/1/2030,2030,01/01/2025,2025,2030,start_date,,230.0,North Spa,,"[[""North Spa"", null]]",title,,,,,,False,,,,
GPC,19995,TALLULAH LODGE - TOCCOA 115 KV REBUILD,Rebuild the Tallulah Lodge - Toccoa 115kV Line with 100C 795 ACSR conductor (total of 10.3 miles). Replace limiting elements at Tallulah Lodge and Toccoa.,,Planned,212,GPC,False,6/1/2030,2030,12/31/2025,2025,2030,start_date,,115.0,Tallulah Lodge,Toccoa,"[[""Tallulah Lodge"", ""Toccoa""]]",title,,,,,,False,,,,
GPC,21098,TRIBUTARY - THORNTON RD 230KV REBUILD,Rebuild the 2.8 mile Tributary - Thornton Road 230kV line with 200C 1351 ACSS Martin.,,Planned,201,GPC,False,6/1/2030,2030,06/01/2027,2027,2030,start_date,,230.0,Tributary,Thornton Rd,"[[""Tributary"", ""Thornton Rd""]]",title,,,,,,False,,,,
GPC,20160,THOMASTON 230 NEW BUILD SUB,Replace Thomaston 230/115kV 285MVA auto transformers C and D with 400MVA auto transformers. Install high side breakers to meet the 230kV bus differential standards and redesign 230kV bus to a breaker and a half configuration.,,Planned,213,GPC,False,11/1/2030,2030,01/01/2026,2026,2030,start_date,,,Thomaston Build,,"[[""Thomaston Build"", null]]",title,,,,,,False,,,,
GPC,18848,"BAINBRIDGE TRANSMISSION: EAST RIVER ROAD, EAST BAINBRIDGE","This project will construct a new 115kV breaker and a half substation a mile north of the East Bainbridge substation. East Bainbridge will be simplified to a 115kV straight bus with two transmission lines for service to load, a generation interconnection point and a capacitor bank.",,Planned,216,GPC,False,12/31/2030,2030,06/01/2023,2023,2030,start_date,,,Bainbridge,,"[[""Bainbridge"", null]]",title,,,,,,False,,,,
GPC,19626,GLENWOOD SPRINGS 115KV CAP BANK,Install a 115kV two stage 30MVAR capacitor bank at Glenwood Springs substation.,,Planned,214,GPC,False,12/31/2030,2030,01/01/2028,2028,2030,start_date,,115.0,Glenwood Springs Cap,,"[[""Glenwood Springs Cap"", null]]",title,,,,,,False,,,,
GPC,20690,EAST POINT - UNION CITY (WHITE) 230KV REBUILD,Rebuild 5.49 miles of 100C 1590.0 ACSR Lapwing with 200C 1351.5 ACSS Martin 230kV line from Welcome All to Union City on the East Point - Union City 230kV line.,,Planned,208,GPC,False,5/1/2031,2031,06/01/2028,2028,2031,start_date,,230.0,East Point,Union City,"[[""East Point"", ""Union City""]]",title,,,,,,False,,,,
GPC,19632,AVERY - HOPEWELL 115KV RECONDUCTOR,Reconductor the Hopewell to Birmingham line section (approximately 3.3 miles) on the Avery - Hopewell 115kV line with 100C 1033 ACSR conductor. Replace jumper at Birmingham with 1590 AAC jumper.,,Planned,202,GPC,False,6/1/2031,2031,01/01/2028,2028,2031,start_date,,115.0,Avery,Hopewell,"[[""Avery"", ""Hopewell""]]",title,,,,,,False,,,,
GPC,10811,BOWEN #10 500/230KV AUTOBANK REPLACEMENT,Replace the existing Bowen #10 1350 MVA 500/230kV auto transformer with a 2016 MVA 500/230kV auto transformer.,,Planned,211,GPC,False,6/1/2031,2031,06/01/2025,2025,2031,start_date,,500.0,Bowen Autobank,,"[[""Bowen Autobank"", null]]",title,,,,,,False,,,,
GPC,20756,HATCH - WADLEY 500 KV LINE STRATEGIC PROJECT,Construct a new 500kV line from Hatch - Wadley Primary.,,Planned,215,GPC,True,6/1/2031,2031,07/03/2024,2024,2031,start_date,,500.0,Hatch,Wadley,"[[""Hatch"", ""Wadley""]]",title,,,,,,False,,,,
MEAG,21099,MEAG: PIO NONO 230/115KV AREA SOLUTION,"Build a 4 - breaker 230kV ring bus to terminate lines from Dorsett, South Griffin, and Big Grocery. Install a 400MVA auto transformer and build a 115kV yard to terminate a line from Broadway. Make all necessary modifications to accommodate all the 230kV and 115kV lines terminations.",,Planned,214,MEAG,False,6/1/2031,2031,01/01/2025,2025,2031,start_date,,230.0,Pio Nono Area Solution,,"[[""Pio Nono Area Solution"", null]]",title,,,,,,False,,,,
MEAG,21114,MEAG: SOUTH GRIFFIN 230/115KV BANK #5,Replace 230/115kV 285MVA auto transformer #5 with 230/115kV 400MVA auto transformer at South Griffin.,,Planned,213,MEAG,False,6/1/2032,2032,06/01/2030,2030,2032,start_date,,230.0,South Griffin,,"[[""South Griffin"", null]]",title,,,,,,False,,,,
GPC,20784,SAV: COLEMAN - MELDRIM 115KV LINE REBUILD,Rebuild 3 miles of the Coleman - Meldrim 115kV line from Four Lakes to Meldrim with 200C 1351 ACSS.,,Planned,219,SAV,True,6/1/2032,2032,06/01/2029,2029,2032,start_date,,115.0,Coleman,Meldrim,"[[""Coleman"", ""Meldrim""]]",title,,,,,,False,,,,
GPC,20767,ARKWRIGHT BUS AND JUMPER REPLACEMENT,Replace the 115kV bus at Arkwright with higher rating and replace the jumper on the Arkwright - Forrest Rd (Macon) 115kV line with at least 1590AAC.,,Planned,214,GPC,False,6/1/2033,2033,06/01/2029,2029,2033,start_date,,,Arkwright Bus,,"[[""Arkwright Bus"", null], [""Jumper"", null]]",title,,,,,,False,,,,
GPC,20758,BAY CREEK - CONYERS 230KV LIMITING ELEMENT REPLACEMENT,"Replace equipment such as jumpers, switches, and traps at the Bay Creek, Rockdale, and Conyers substations with equipment capable of carrying 3000A.",,Planned,202,GPC,False,6/1/2033,2033,06/01/2031,2031,2033,start_date,,230.0,Bay Creek,Conyers Limiting Element,"[[""Bay Creek"", ""Conyers Limiting Element""]]",title,,,,,,False,,,,
GPC,20793,EVANS PRIMARY - THURMOND DAM (USA) #5 115KV REBUILD,Rebuild approximately 5.45 miles of Euchee Creek - Thurmond Dam segment of the Evans Primary - Thurmond Dam (USA) #5 115kV line with 200C 1351 ACSS Martin conductor. Replace the main bus with a larger element at Thurmond Dam (USA).,,Planned,215,GPC,True,6/1/2033,2033,06/01/2029,2029,2033,start_date,,115.0,Evans Primary,Thurmond Dam,"[[""Evans Primary"", ""Thurmond Dam""]]",title,,,,,,False,,,Evans Primary | Thurmond Dam,
GPC,20794,EVANS PRIMARY - THURMOND DAM (USA) #6 115KV REBUILD,Rebuild approximately 8.9 miles of the Evans Primary - Thurmond Dam (USA) #6 115kV line with 200C 1351 ACSS Martin conductor. Replace the main bus with a larger element at Thurmond Dam (USA).,,Planned,215,GPC,True,6/1/2033,2033,06/01/2030,2030,2033,start_date,,115.0,Evans Primary,Thurmond Dam,"[[""Evans Primary"", ""Thurmond Dam""]]",title,,,,,,False,,,Evans Primary | Thurmond Dam,
GTC,12217,GTC: CENTER PRIMARY - CLARKSBORO 230 KV REBUILD,GTC to rebuild the Center Primary – Clarksboro Primary 230kV line (approx. 8.3 miles) with 200C 1351 ACSS conductor.,,Planned,212,GTC,False,6/1/2033,2033,06/01/2028,2028,2033,start_date,,230.0,Center Primary,Clarksboro,"[[""Center Primary"", ""Clarksboro""]]",title,,,,,,False,,,,
GTC,20773,GTC: CLARKSBORO - WINDER PRIMARY 230KV REBUILD,Rebuild approximately 14 miles of the Clarksboro - Winder 230kV line with 200C 1351 ACSS conductor.,,Planned,212,GTC,False,6/1/2033,2033,06/01/2029,2029,2033,start_date,,230.0,Clarksboro,Winder Primary,"[[""Clarksboro"", ""Winder Primary""]]",title,,,,,,False,,,,
GTC,12147,GTC: EAST SOCIAL CIRCLE - SNELLVILLE 230KV EQUIPMENT UPGRADE,"Replace the 1200A switches at Snellville Primary with 3000A. Also, replace the 1200A line trap and switches at East Social Circle with 3000A on the East Social Circle - Snellville 230kV line.",,Planned,212,GTC,False,6/1/2033,2033,06/01/2030,2030,2033,start_date,,230.0,East Social Circle,Snellville Equipment,"[[""East Social Circle"", ""Snellville Equipment""]]",title,,,,,,False,,,,
GTC,21075,GTC: EAST WALTON - MIDDLE FORK 500KV,"Construct a new 500kV line from East Walton to Middle Fork, approximately 45 miles long. Make all necessary accommodations for new 500kV breakers at East Walton and Middle Fork substations.",,Planned,212,GTC,False,6/1/2033,2033,12/01/2024,2024,2033,start_date,,500.0,East Walton,Middle Fork,"[[""East Walton"", ""Middle Fork""]]",title,,,,,,False,,,,
GTC,20791,GTC: SHOAL CREEK - SOUTH HALL 230KV REBUILD,"Rebuild approximately 7.9 miles of South Hall - Chestnut Mountain - Spout Springs Road segments of the Shoal Creek - South Hall 230kV line with 200C 1351 ACSS conductor. Also, replace 1 - AAC 1590 jumpers at South Hall with 2 - AAC 1590.",,Planned,212,GTC,False,6/1/2033,2033,06/01/2029,2029,2033,start_date,,230.0,Shoal Creek,South Hall,"[[""Shoal Creek"", ""South Hall""]]",title,,,,,,False,,,,
GPC,21053,MCEVER ROAD - SHOAL CREEK 115KV REBUILD PHASE III,"Rebuild the 2 - 4/0 copper part (approximately 2.9 miles) of the Gainesville Ferry - Lakeside WTP A line section, part of the McEver Road - Shoal Creek 115kV line, using 200C 1351 ACSS conductor.",,Planned,212,GPC,False,6/1/2033,2033,06/01/2030,2030,2033,start_date,,115.0,Mcever Road,Shoal Creek Phase Iii,"[[""Mcever Road"", ""Shoal Creek Phase Iii""]]",title,,,,,,False,,,,
GPC,09661,MCGRAU FORD - MIDDLE FORK 500KV LINE PROJECT,Construct a new approximately 64 mile 500kV line from McGrau Ford to Middle Fork.,,Planned,212,GPC,False,6/1/2033,2033,06/01/2026,2026,2033,start_date,,500.0,Mcgrau Ford,Middle Fork,"[[""Mcgrau Ford"", ""Middle Fork""]]",title,,,,,,False,,,,
GPC,20796,SAV: MELDRIM BANK D REPLACEMENT,Replace 300 MVA 230/115kV Bank D with 400 MVA Bank.,,Planned,219,SAV,True,6/1/2033,2033,06/01/2030,2030,2033,start_date,,,Meldrim,,"[[""Meldrim"", null]]",title,,,,,,False,,,,
GPC,14222,THOMSON PRIMARY 230/115KV SECOND TRANSFORMER,"Install a second 400 MVA, 230/115kV auto transformer at Thomson Primary substation.",,Planned,215,GPC,True,6/1/2033,2033,08/01/2025,2025,2033,start_date,,230.0,Thomson Primary,,"[[""Thomson Primary"", null]]",title,,,,,,False,,,,
GPC,20759,WINDER PRIMARY 230KV BUS 1-2 PARALLEL BUS-TIE INSTALLATION,Install a 2nd 230kV bus - tie breaker at the Winder Primary Station.,,Planned,202,GPC,False,6/1/2033,2033,06/01/2031,2031,2033,start_date,,230.0,Winder Primary Bus 1-2 Parallel Bus,Installation,"[[""Winder Primary Bus 1-2 Parallel Bus"", ""Installation""]]",title,,,,,,False,,,,
GPC,10487,PINE GROVE PRIMARY - WEST VALDOSTA 115 KV RECONDUCTOR,Rebuild 3.7 miles of 100C 4/0 ACSR conductor with 200C 795 ACSS Drake on the Bemis - Pine Grove Primary section of the Pine Grove Primary - West Valdosta 115kV line.,,Planned,216,GPC,False,12/31/2033,2033,12/31/2029,2029,2033,start_date,,115.0,Pine Grove Primary,West Valdosta,"[[""Pine Grove Primary"", ""West Valdosta""]]",title,,,,,,False,,,,
GPC,18700,DAWSON CROSSING - GAINESVILLE #1 115 KV,"Replace the 500CU main bus at Gainesville #1 115kV with 3"" Sch 40 AL Tube.",,Planned,212,GPC,False,6/1/2034,2034,06/01/2032,2032,2034,start_date,,115.0,Dawson Crossing,Gainesville,"[[""Dawson Crossing"", ""Gainesville""]]",title,,,,,,False,,,,
GPC,20787,SAV: LITTLE OGEECHEE 230/115KV BANK REPLACEMENT,Replace SATX 280MVA auto transformer with 400MVA auto transformer.,,Planned,219,SAV,True,6/1/2034,2034,06/01/2030,2030,2034,start_date,,230.0,Little Ogeechee,,"[[""Little Ogeechee"", null]]",title,,,,,,False,,,,
GPC,17993,EVANS PRIMARY - THOMSON PRIMARY 115KV REBUILD,"Rebuild the existing 100C 336 ACSR conductor for the Thomson Primary to Pumpkin Center 115kV line section (approximately 5.28 miles), part of the Evans Primary - Thomson Primary 115kV line with 200C 1351 ACSS Martin conductor.",,Planned,215,GPC,True,12/31/2034,2034,01/01/2031,2031,2034,start_date,,115.0,Evans Primary,Thomson Primary,"[[""Evans Primary"", ""Thomson Primary""]]",title,,,,,,False,,,,
