utility,project_id,name,description,need,status,in_service_raw,in_service_year,build_start,build_end,window_source,total_cost,kv,endpoint_a,endpoint_b,segments,endpoints_from,edition,in_service_raw_updated,build_start_updated,build_end_updated,edition_updated,project_id_updated,match_note,new_in_update,corridor_group
DESC,6807 B,Queensboro - Ft Johnson 115 kV & Queensboro-Bayfront 115kV (Queensboro-James Island Sect),Replace the Queensboro – Ft Johnson 115 kV Line and structures as they have reached the end of life.,This project is required due to address end of life issues.,In Progress,12/31/23,2023,2024,2024,spend,5404301.0,115.0,Queensboro,Ft Johnson,"[[""Queensboro"", ""Ft Johnson""], [""Queensboro"", ""Bayfront""]]",title,2024-2028,,,,,,,False,
DESC,0167C-D,Union Pier 115-13.8 kV Sub: Tap,Installing a 115 kV Tap to feed the future Union Pier 115 kV Sub.,This project is needed to for load growth in the Charleston area.,Planned,12/31/27,2027,2027,2027,spend,5300000.0,115.0,Union Pier,,"[[""Union Pier"", null]]",title,2024-2028,12/31/30,2029,2030,2026-2030,0167 C-D,,False,
DESC,"0139 M,N","Okatie 230-115kV Substation, Jasper – Yemassee 230kV #1 Fold-in","Expand existing Okatie Transmission sub, add a 230-115 autobank and fold the Jasper – Yemassee 230 kV #1 line into the 230 kV side. Construct two additional 115 kV bus tie lines.",This project is needed to improve system performance and to meet NERC TPL and internal DESC Planning Criteria for reliability.,In Progress,12/31/2024,2024,2024,2025,spend,11116933.0,230.0,Okatie,,"[[""Okatie"", null]]",title,2024-2028,12/31/2026,2026,2027,2026-2030,"0139 M,N",,False,
DESC,6341 A-F,Cainhoy - Hamlin 115kV: Rebuild Line and Cainhoy – Hamlin 115 kV #2: Construct New 115 kV Line,"Upgrade the 954 ACSR portion of the Cainhoy – Hamlin 115 kV line to B795 ACSR conductor, construct a new Cainhoy – Hamlin 115 kV #2 line, add terminals to Cainhoy and Hamlin sub to accommodate upgrades.",This project is required due to load growth in the Mount Pleasant area and to meet NERC TPL and internal DESC Planning criteria.,In Progress,12/01/25,2025,2024,2025,spend,19890850.0,115.0,Cainhoy,Hamlin,"[[""Cainhoy"", ""Hamlin""]]",title,2024-2028,12/02/26,2026,2026,2026-2030,6341 A-F,,False,
DESC,6808 J,Eastover - Square D 115kV: Rebuild,Replace wooden H-Frame structures with Self Supporting Steel Structures and restring with 1272 ACSR conductor.,This project is required to address end of life and reliability issues on these lines.,In Progress,06/01/24,2024,2024,2024,spend,11700000.0,115.0,Eastover,Square D,"[[""Eastover"", ""Square D""]]",title,2024-2028,,,,,,,False,
DESC,6808 K,Burton-St Helena 115kV: Rebuild Burton-Frogmore Transmission Section,Replace wooden structures with Self Supporting Steel Structures and restring with 1272 ACSR conductor for the Burton – Frogmore Transmission section.,This project is required to address end of life and reliability issues on these lines.,In Progress,12/31/24,2024,2024,2024,spend,8580000.0,115.0,Burton,St Helena,"[[""Burton"", ""St Helena""]]",title,2024-2028,,,,,,,False,Burton | St Helena
DESC,6808 L,Burton-St Helena 115kV: Frogmore Distribution - St Helena,Replace wooden structures with Self Supporting Steel Structures and upgrade to 795 ACSR for the Frogmore Distribution Tap – St. Helena section.,This project is required to address end of life and reliability issues on these lines.,In Progress,12/31/25,2025,2025,2025,spend,6925000.0,115.0,Burton,St Helena,"[[""Burton"", ""St Helena""]]",title,2024-2028,12/31/2027,2026,2027,2026-2030,6808 L,,False,Burton | St Helena
DESC,"6808 N,O",VCS1-Denny Terrace 230kV & VCS1-Pineland 230kV: Rebuild Single Circuit Sections,Replace wooden H-Frame structures with Self Supporting Steel Structures and restring with standard 1272 ACSR conductor.,This project is required to address end of life and reliability issues on these lines.,In Progress,12/31/26,2026,2026,2026,spend,4912096.0,230.0,Vcs1,Denny Terrace,"[[""Vcs1"", ""Denny Terrace""], [""Vcs1"", ""Pineland""]]",title,2024-2028,12/31/28,2028,2028,2026-2030,"6808 N,O",,False,
DESC,6808 R,Wateree-Killian 230kV: Rebuild,Replace wooden H-Frame structures with Self Supporting Steel Structures.,This project is required to address end of life and reliability issues on these lines.,In Progress,12/31/28,2028,2027,2028,spend,48224719.0,230.0,Wateree,Killian,"[[""Wateree"", ""Killian""]]",title,2024-2028,12/31/29,2028,2029,2026-2030,6808 R,,False,
DESC,6808 S,Okatie-Bluffton 115kV: Rebuild,Replace wooden H-Frame structures with Self Supporting Steel Structures and upgrade conductor to standard 1272 ACSR.,This project is required to address end of life and reliability issues on these lines.,In Progress,06/01/2025,2025,2024,2025,spend,40660000.0,115.0,Okatie,Bluffton,"[[""Okatie"", ""Bluffton""]]",title,2024-2028,,,,,,,False,
DESC,6808 U,Hopkins-CIP 230kV: Rebuild,Replace wooden H-Frame structures with Self Supporting Steel Structures.,This project is required to address end of life and reliability issues on these lines.,Planned,12/31/25,2025,2024,2025,spend,2600000.0,230.0,Hopkins,Cip,"[[""Hopkins"", ""Cip""]]",title,2024-2028,,,,,,,False,
DESC,6808 V,Faber Place-Bayfront 115kV: Rebuild North Bridge Terrace to Bayfront Section,Replace wooden structures with Self Supporting Steel Structures and upgrade conductor to standard 1272 ACSR.,This project is required to address end of life and reliability issues on these lines.,Planned,12/31/28,2028,2027,2028,spend,10200000.0,115.0,Faber Place,Bayfront,"[[""Faber Place"", ""Bayfront""]]",title,2024-2028,12/31/30,2026,2030,2026-2030,6808 V,,False,
DESC,6808 W,Square D - Hopkins 115kV: Rebuild,Replace wooden H-Frame structures with Self Supporting Steel Structures and restring with 1272 ACSR conductor.,This project is required to address end of life and reliability issues on these lines.,In Progress,9/30/2024,2024,2024,2024,spend,4300000.0,115.0,Square D,Hopkins,"[[""Square D"", ""Hopkins""]]",title,2024-2028,,,,,,,False,
DESC,6809 E,Stevens Creek - Hooks 115kV/LR Plumb Branch 46kV Rebuilds,9.5 miles. Scope includes rebuilding the 115 and 46 kV lines in this corridor SPDC.,This project is required to address end of life and reliability issues on these lines.,In Progress,12/31/24,2024,2024,2024,spend,11745543.0,115.0,Stevens Creek,Hooks,"[[""Stevens Creek"", ""Hooks""], [""Lr Plumb Branch"", null]]",title,2024-2028,,,,,,,False,Hooks | Stevens Creek
DESC,6809 G,Stevens Creek - Hooks 115kV/LR Plumb Branch 46kV,Upgrade 6.5 miles of aging conductor with 1272 ACSR and rebuild with SPDC.,This project is required to address end of life and reliability issues on these lines.,Planned,12/31/25,2025,2026,2026,spend,7800000.0,115.0,Stevens Creek,Hooks,"[[""Stevens Creek"", ""Hooks""], [""Lr Plumb Branch"", null]]",title,2024-2028,,,,,,,False,Hooks | Stevens Creek
DESC,6805 G,"Edenwood Sub: #1 & #2 230-115kV Autobanks, Replace with 336MVA",Replace Autobank 1 and 2 at Edenwood Substation.,This project is required to address end of life and maintenance issues on these transformers.,In Progress,12/25/24,2024,2024,2024,spend,10833462.0,230.0,Edenwood,,"[[""Edenwood"", null]]",title,2024-2028,,,,,,,False,
DESC,"1060A, I, L","Williams St Sub: Replace Sw House & Relays, AM Williams Sub: Replace Sw House, and McMeekin Sub: Add Sw House","Replace switch house, switch house equipment, and relay panels at Williams Street substation. Replace the switch house at AM Williams substation. Add Switching House at McMeekin Substation to move relays from plant relay room.",This project is required to address end of life and maintenance issues on these transformers.,In Progress,12/31/28,2028,2024,2028,spend,9898924.0,,Williams St,,"[[""Williams St"", null]]",title,2024-2028,12/31/28,2026,2029,2026-2030,"1060A, I, L",,False,
DESC,06005 B,Harleyville 115KV Transmission Tap – Construct (1.4 miles),Extend the 115 kV line from the Blue Circle tap to the Harleyville substation to provide 115 kV service.,Load growth.,Planned,3/31/2027,2027,2026,2027,spend,2750000.0,115.0,Blue Circle,Harleyville,"[[""Blue Circle"", ""Harleyville""]]",description,2024-2028,12/31/2028,2027,2028,2026-2030,06005 B,,False,
DESC,05004 P,Summerville: Replace and Spare 230-115kV 336MVA Auto Bank,"Purchase a spare 230/115kV, 336MVA Autobank for the Southern Region to be stored at Summerville 230kV Sub. Include a pad, AC for heaters, and possibly a pit for oil containment.",Spare equipment needs.,In Progress,12/31/2024,2024,2024,2024,spend,3982052.0,230.0,Summerville,,"[[""Summerville"", null]]",title,2024-2028,,,,,,,False,
DESC,06076A,Canadys-Ritter 115KV-Rebld SPDC 230/115KV 1272 (Approx 18 Miles),Rebuild Canadys-Ritter 115 kV line as SPDC with 230 kV on one side and 115 kV on the other side.,This project is needed to improve system performance and to meet NERC TPL and internal DESC Planning Criteria for reliability.,In Progress,6/1/2026,2026,2025,2026,spend,40000000.0,115.0,Canadys,Ritter,"[[""Canadys"", ""Ritter""]]",title,2024-2028,6/1/2029,2028,2029,2026-2030,06076 A,,False,
DESC,6359,Yemassee– Ritter 230kV #1 & #2: Construct SPDC with B-1272,Construct Ritter – Yemassee 230kV #1 and #2 SPDC with B1272 ACSR on both sides. Convert the existing Ritter – Yemassee 230 kV to 115 kV operation. Convert and add terminals at Ritter and Yemassee. Add 230 kV bus tie at Ritter and upgrade the Yemassee 230 kV bus tie.,This project is needed to improve system performance and to meet NERC TPL and internal DESC Planning Criteria for reliability.,Planned,6/1/2026,2026,2024,2026,spend,40611419.0,230.0,Yemassee,Ritter,"[[""Yemassee"", ""Ritter""]]",title,2024-2028,6/1/2027,2026,2027,2026-2030,6359,,False,
DESC,"06367 A - C, H",Riverport Tap: Construct Tap,Construct Okatie – Riverport 230 kV to feed new Distribution substation.,Load growth.,In Progress,12/31/25,2025,2024,2025,spend,34877427.0,,Okatie,Riverport,"[[""Okatie"", ""Riverport""]]",description,2024-2028,12/01/26,2026,2026,2026-2030,6367 D,"matched by name: ID 06367 A - C, H -> 6367 D in 2026-2030",False,
DESC,06367 D - G,Jasper – Okatie 230 kV #2: Construct,Construct a 230 kV line with B1272 ACSR from Jasper to Okatie 230/115kV Substation. The line is estimated to be 6.5 miles long. This makes Jasper a Medium Impact substation and will require a new CIP Hut.,This project is needed to improve system performance and to meet NERC TPL and internal DESC Planning Criteria for reliability.,In Progress,12/31/25,2025,2024,2025,spend,23787423.0,230.0,Jasper,Okatie,"[[""Jasper"", ""Okatie""]]",title,2024-2028,12/01/2026,2026,2026,2026-2030,06367 D - G,,False,
DESC,06371 D,Wagener 115kV Tap: Construct Tap,Constructing a 115 kV Tap off the Edmund Switching Station- Owens Corning 115 kV Line to feed new Wagener Distribution substation.,Load growth.,Planned,12/31/25,2025,2024,2025,spend,6005000.0,115.0,Wagener,,"[[""Wagener"", null]]",title,2024-2028,12/31/27,2027,2027,2026-2030,06371 D,,False,
DESC,06372 A,Church Creek - Ritter 230kV - Replace 38 Large Angles and Dead Ends,Replace 6.5 miles of aging conductor.,Replacing approximately 38 guyed wooden structures due to recent failures in the fiberglass strain insulators along this line. Structures to be changed out are dead ends/large angles.,In Progress,6/1/2024,2024,2024,2024,spend,10850000.0,230.0,Church Creek,Ritter,"[[""Church Creek"", ""Ritter""], [""Ritter"", ""Replace 38 Large Angles""], [""Dead Ends"", null]]",title,2024-2028,12/31/2028,2028,2028,2026-2030,06372 A,,False,
DESC,06810 F,VCS2-Ward 230kV: Rebuild Line,Rebuild 40 miles of 230 kV line.,This project is required to address end of life and maintenance issues.,Planned,12/31/29,2029,2027,2028,spend,30000000.0,230.0,Vcs2,Ward,"[[""Vcs2"", ""Ward""]]",title,2024-2028,12/31/32,2029,2030,2026-2030,06810 F,,False,
DESC,06810 G,Goose Creek Reservoir: Rebuild Transmission Line Crossings,Rebuilding the Williams Goose Creek 230 and 115 kV lines and the Williams - Faber Place 230 kV line across the Goose Creek Reservoir.,This project is required to address end of life and maintenance issues.,In Progress,12/31/24,2024,2024,2024,spend,9655669.0,,Goose Creek Reservoir,,"[[""Goose Creek Reservoir"", null]]",title,2024-2028,,,,,,,False,
DESC,06810 H,Summerville 115kV Loop: Rebuild,Replacing several wood pole sections on the Summerville 115 kV Loop that have reached the end of life.,This project is required to address end of life and maintenance issues.,In Progress,12/31/24,2024,2024,2025,spend,12475000.0,115.0,Summerville Loop,,"[[""Summerville Loop"", null]]",title,2024-2028,04/31/26,2026,2026,2026-2030,06810 H,,False,
DESC,6809 M,St George - Sumter 230kV Tie: Rebuild Line from Santee Substation - Duke/Progress Energy Tie,Rebuild Line from Santee Substation - Duke/Progress Energy Tie.,Grid hardening.,Planned,12/31/2025,2025,2025,2025,spend,4000000.0,230.0,St George,Sumter,"[[""St George"", ""Sumter""]]",title,2024-2028,12/31/2027,2027,2027,2026-2030,6809 M,,False,
DESC,5392 A-C,Coit – Gills Creek 115kV: Construct,Convert the existing Coit - Gills Creek 33 kV Line to 115 kV. Approximately 1.25 miles. Construct Gills Creek Terminal at Coit Bus #1.,Load growth.,In Progress,12/31/2024,2024,2024,2024,spend,2509602.0,115.0,Coit,Gills Creek,"[[""Coit"", ""Gills Creek""]]",title,2024-2028,12/31/2026,2025,2026,2026-2030,5392 A-C,,False,
DESC,6810 A,Hooks - Thurmond 115kV Tie: Rebuild,"Rebuilding section of line between Hooks and Thurmond. Approximately 2.3 miles. The line will be rebuilt on existing R/W using steel poles, 115 kV insulation, and 1272 ACSR conductor.",This project is required to address end of life and reliability issues on these lines.,In Progress,12/31/2024,2024,2024,2024,spend,2200080.0,115.0,Hooks,Thurmond,"[[""Hooks"", ""Thurmond""]]",title,2024-2028,,,,,,,False,
DESC,6809 N,Batesburg - Saluda County 115kV: Rebuild,Rebuild 13.5 miles of conductor.,Grid hardening.,In Progress,12/31/2025,2025,2025,2025,spend,8750000.0,115.0,Batesburg,Saluda County,"[[""Batesburg"", ""Saluda County""]]",title,2024-2028,06/31/2026,2026,2026,2026-2030,6809 N,,False,
DESC,6853 B-F,Scout 230 kV Sub and Fold-in: Construct,Construct 230kV Transmission Line for Scout Customer Substation and modify VCS1 and Killian terminals.,Load growth.,In Progress,3/31/2026,2026,2025,2025,spend,23685000.0,230.0,Scout,,"[[""Scout"", null]]",title,2024-2028,5/31/2026,2026,2027,2026-2030,6853 B-F,,False,
DESC,6859,Dawson 230kV Sub and Fold-in: Construct and Rebuild,Construct Dawson 230kV substation. Fold in the existing Canadys – Church Creek and Canadys – Faber Place 230kV lines at the Dawson 230kV substation (phase 1). Rebuild Canadys – Dawson 230kV #1 and #2 with B1272 ACSR (phase 2).,Load growth.,In Progress,10/1/2025 (phase 1) and 10/1/2026 (phase 2),2026,2024,2026,spend,93538207.0,230.0,Dawson,,"[[""Dawson"", null]]",title,2024-2028,10/1/2025 (phase 1) and 10/1/2026 (phase 2),2026,2027,2026-2030,6859,,False,
DESC,6852,Urquhart – Toolebeck 115kV line: Rebuild,Upgrade the 477 ACSR portions of the Urquhart – Toolebeck 115 kV line to 1272 ACSR. Replace existing structures with Single Pole Double Circuit Structures. Approximately 12.5 miles.,This project is needed to improve system performance and to meet NERC TPL and internal DESC Planning Criteria for reliability.,In Progress,8/12/2026,2026,2025,2026,spend,17520000.0,115.0,Urquhart,Toolebeck,"[[""Urquhart"", ""Toolebeck""]]",title,2024-2028,8/12/2026,2026,2026,2026-2030,6852,,False,
DESC,6388 A,Williams-Summerville 230kV: Upgrade to SPDC B1272 ACSR,Rebuild the section of the Williams - Summerville 230 kV line from Ladson Jct to Williams. Line to upgraded to B-1272 and designed for a future second circuit. Approximately 10 miles.,This project is needed to improve system performance and to meet NERC TPL and internal DESC Planning Criteria for reliability.,Planned,5/1/2027,2027,2026,2027,spend,19300000.0,230.0,Williams,Summerville,"[[""Williams"", ""Summerville""]]",title,2024-2028,05/01/2028,2027,2028,2026-2030,6388 A,,False,
DESC,"0147 C, K",Cainhoy 115 kV Tap: Construct,Construct a 115 kV tap from Cainhoy to Clements Ferry. Approximately 2.8 miles. Construct terminal at Cainhoy.,Load growth.,Planned,12/31/2027,2027,2025,2027,spend,21850000.0,115.0,Cainhoy,Clements Ferry,"[[""Cainhoy"", ""Clements Ferry""]]",description,2024-2028,,,,,,,False,
DESC,"0147 B, J",Jack Primus 115 kV Tap: Construct,Construct a 115 kV tap from Jack Primus to Clements Ferry. Approximately 2.2 miles. Construct terminals at Jack Primus.,Load growth.,Planned,12/31/2027,2027,2025,2027,spend,18000000.0,115.0,Jack Primus,Clements Ferry,"[[""Jack Primus"", ""Clements Ferry""]]",description,2024-2028,,,,,,,False,
DESC,"6847 A-B, D-H",Church Creek – Faber Place – Charleston Transmission: Add 230kV Line,"Construct a 230 kV transmission line from Church Creek to Charleston Transmission. The Church Creek – Faber Place 230kV and 115kV lines will be rebuilt, and a 230kV line will be added between Faber Place and Charleston Transmission. Add 230/115kV transformer at Charleston Transmission. Add/upgrade terminals and bus work at impacted substations.",This project is needed to improve system performance and to meet NERC TPL and internal DESC Planning Criteria for reliability.,In Progress,05/01/2027,2027,2024,2027,spend,34174682.0,230.0,Church Creek,Faber Place,"[[""Church Creek"", ""Faber Place""], [""Faber Place"", ""Charleston""]]",title,2024-2028,5/1/2027,2026,2028,2026-2030,6847,"matched by name: ID 6847 A-B, D-H -> 6847 in 2026-2030",False,
DESC,6846 A,Eastover – Sumter 115kV DEP Tie: Rebuild with 1272 ACSR,Upgrade the DESC section (approx. 1 mile) of the tie line from 397.5 ACSR Ibis to 1272 ACSR.,This project is needed to improve system performance and to meet NERC TPL and internal DESC Planning Criteria for reliability.,Planned,05/31/2026,2026,2026,2026,spend,1100000.0,115.0,Eastover,Sumter,"[[""Eastover"", ""Sumter""]]",title,2024-2028,5/31/2026,2026,2027,2026-2030,6846 A,,False,
DESC,6810 U,Cameron Jct – Elloree 46 kV Rebuild,Rebuilding the Cameron Jct – Elloree 46 kV Line. 7.3 miles.,System hardening,Planned,12/31/2026,2026,2026,2026,spend,4500000.0,46.0,Cameron Jct,Elloree,"[[""Cameron Jct"", ""Elloree""]]",title,2024-2028,12/31/2027,2027,2027,2026-2030,6810 U,,False,
DESC,6810 J,Elloree – Santee City 46 kV: Rebuild,Rebuilding the 46 kV line between Elloree and Santee City. 7 miles.,System hardening,Planned,12/31/2027,2027,2027,2027,spend,4500000.0,46.0,Elloree,Santee City,"[[""Elloree"", ""Santee City""]]",title,2024-2028,12/31/2027,2027,2027,2026-2030,6810 J,,False,
DESC,6810 O,Urquhart – Aiken PSA 46 kV: Rebuild,Rebuilding the section of 46 kV line from Urquhart to the Aiken PSA tap point. TBD if the scope of this project includes rebuilding the actual tap Aiken PSA. 4.5 miles.,System hardening,Planned,12/31/2027,2027,2027,2027,spend,3000000.0,46.0,Urquhart,Aiken Psa,"[[""Urquhart"", ""Aiken Psa""]]",title,2024-2028,12/31/2027,2028,2028,2026-2030,6810 O,,False,
DESC,6810 T,Cameron Jct – Cameron – St Matthews 46 kV Rebuild,Rebuilding the 46 kV line between Cameron Jct and St Matthews. 9.8 miles.,System hardening.,Planned,12/31/2028,2028,2028,2028,spend,5900000.0,46.0,Cameron Jct,Cameron,"[[""Cameron Jct"", ""Cameron""], [""Cameron"", ""St Matthews""]]",title,2024-2028,12/31/2028,2028,2028,2026-2030,6810 T,,False,
DESC,02726 K,Columbia Canal 115 kV: Rebuild,This is the DESC funded portion of the Columbia Canal project and encompasses replacing the poles on the Columbia side of the canal.,This project is required to address end of life and maintenance issues.,In Progress,05/31/26,2026,2026,2026,spend,1150364.0,115.0,Columbia Canal,,"[[""Columbia Canal"", null]]",title,2026-2030,05/31/26,2026,2026,2026-2030,02726 K,,True,
DESC,06874 B,Summerville-Boone Hill 115kV: Move Line for US78 SCDOT Road Widening,Move Summerville – Boone Hill 115kV Transmission Line for SCDOT Road widening. Approximately 1.2 miles of Transmission line (23 Transmission Poles).,This project is required to address SCDOT Road Widening.,In Progress,07/31/26,2026,2026,2026,spend,12475000.0,115.0,Summerville,Boone Hill,"[[""Summerville"", ""Boone Hill""]]",title,2026-2030,07/31/26,2026,2026,2026-2030,06874 B,,True,
DESC,6381,Flat Rock 115kV Sub and Tap: Construct,Constructing a 115 kV tap off the Belv Sw Sta - Graniteville 115 kV #1 line to feed the new Sub. Will include a 3-Way GOAB.,Growth Load Transmission Line Design,In Progress,12/31/26,2026,2026,2026,spend,3950000.0,115.0,Flat Rock,,"[[""Flat Rock"", null]]",title,2026-2030,12/31/26,2026,2026,2026-2030,6381,,True,
DESC,6870 A,Saluda Hydro – Bush River 115kV #1 and #2 Tie Lines Rebuild,Rebuild the existing Saluda Hydro – Bush River #1 and #2 Tie Lines to SPDC 1272.,This project is needed to improve system performance and to meet NERC TPL and internal DESC Planning Criteria for reliability.,In Progress,12/31/2026,2026,2026,2027,spend,20400000.0,115.0,Saluda Hydro,Bush River,"[[""Saluda Hydro"", ""Bush River""]]",title,2026-2030,12/31/2026,2026,2027,2026-2030,6870 A,,True,
DESC,6238 H,Fairfax-Yemassee 115kV: Upgrade for DESCSQ #1151 Interconnection,Upgrade 336 ACSR portion of DESCSQ #1151 - Yemassee 115 kV line to 1272 ACSR.,This project is needed to interconnect DESCSQ #1151 in accordance with the DESC Transitional Cluster System Impact Study.,Planned,9/7/2027,2027,2026,2027,estimated,,115.0,Fairfax,Yemassee,"[[""Fairfax"", ""Yemassee""]]",title,2026-2030,9/7/2027,2026,2027,2026-2030,6238 H,,True,
DESC,6809 G (Hooks Modoc),Hooks - Modoc 115/46 kV Rebuild,Upgrade 6.5 miles of aging conductor with 1272 ACSR and rebuild with SPDC.,This project is required to address end of life and reliability issues on these lines.,Planned,12/31/27,2027,2027,2027,spend,10534285.0,115.0,Hooks,Modoc,"[[""Hooks"", ""Modoc""]]",title,2026-2030,12/31/27,2027,2027,2026-2030,6809 G,source PDF reuses ID 6809 G for a different project,True,
DESC,7956B,Atomic Road 115/12kV Sub: Construct,New 115-12kV Sub Construction. Transformer will be 28 MVA. Will construct 4 bays with 3 breakers put in service.,Growth Customer Commitment Substation Design,Planned,12/31/2028,2028,2028,2028,spend,3646027.0,115.0,Atomic Road,,"[[""Atomic Road"", null]]",title,2026-2030,12/31/2028,2028,2028,2026-2030,7956B,,True,
DESC,6808 P,Wateree-Hopkins 230kV Line #1: Rebuild,Rebuilding the Wateree - Hopkins 230 kV Line #1. Line will be rebuilt SPSC with 1272 ACSR.,This project is required to address end of life and reliability issues on these lines.,Planned,12/31/2027,2027,2027,2027,spend,22400000.0,230.0,Wateree,Hopkins,"[[""Wateree"", ""Hopkins""]]",title,2026-2030,12/31/2027,2027,2027,2026-2030,6808 P,,True,
DESC,6809 I2,Adams Run – Red House Road 46 kV: Replace Dawhoo River Crossing and other Structures,"Set the 2 River Crossing structures on the Dawhoo River and replace the other structures in the marsh with Distribution Underbuild. In addition, replace other structures identified on the 46kV line. Str 2,6,9,12,18,25,38-40,47,48,81-83,95-110 (Dawhoo Marsh),125,130-134,167,168,184,203,206,218- 220,228,230,238,260-262,265,271-273,277,278,299,302. (58 Structures)",System hardening.,Planned,12/31/2027,2027,2027,2027,spend,11000000.0,46.0,Adams Run,Red House Road,"[[""Adams Run"", ""Red House Road""]]",title,2026-2030,12/31/2027,2027,2027,2026-2030,6809 I2,,True,
DESC,6809 S,Lyles – Kilbourne Park 115kV: Replace Structure 67 – Kilbourne Park,Rebuild the section of 115kV line between Kilbourne Park and str# 67 on the Lyles - Kilbourne Park 115kV Line. Pull 1272 ACSR from Richland Mall GOAB to Kilbourne Park Sub. Most of this section of line is back lot construction (difficult access) along with distribution underbuilt throughout. 2.85 Miles,System hardening.,Planned,12/01/2027,2027,2027,2027,spend,4770000.0,115.0,Lyles,Kilbourne Park,"[[""Lyles"", ""Kilbourne Park""]]",title,2026-2030,12/01/2027,2027,2027,2026-2030,6809 S,,True,
DESC,6873,Winnsboro West 230-115 kV Sub and Fold-in: Construct,Construct new 230-115 kV substation and fold in the Parr – Winnsboro 115 kV #1 and VCS1 – Killian 230 kV lines into the new substation.,This project is needed to uprate the Parr Gas Turbines GT1 and GT2 in accordance with the DESC Transitional Cluster System Impact Study.,In Progress,1/31/2028,2028,2027,2028,estimated,,230.0,Winnsboro West,,"[[""Winnsboro West"", null]]",title,2026-2030,1/31/2028,2027,2028,2026-2030,6873,,True,
DESC,6854 C,Jackson 115kV: Construct 115 – 12kV Distribution Substation,Construct 115 – 12kV distribution substation to replace Jackson 46kV Substation. Jackson 46kV has reverse power modifications for Aiken Schools #3936. Verify that Jackson 115-12kV will inherit this reverse power requirement.,Growth Load Substation Design,Planned,12/31/2028,2028,2027,2027,spend,3003760.0,115.0,Jackson,,"[[""Jackson"", null]]",title,2026-2030,12/31/2028,2027,2027,2026-2030,6854 C,,True,
DESC,6809 F,Orangeburg #1 - Cameron Jct 46kV Line Rebuild,"Rebuilding the 7.5 mile Orangeburg #1 – Cameron Jct. 46 kV Line. The line will be rebuilt on existing R/W using steel poles, 115 kV insulation, and 1272 ACSR Conductor",This project is required to address end of life and reliability issues on these lines.,Planned,12/31/2028,2028,2028,2028,spend,7912400.0,46.0,Orangeburg,Cameron Jct,"[[""Orangeburg"", ""Cameron Jct""]]",title,2026-2030,12/31/2028,2028,2028,2026-2030,6809 F,,True,
DESC,"6842 C,D",Coast Guard 115kV Substation and Tap: Construct,Construct a 115-23.9kV substation at the Coast Guard substation site with 37.3MVA transformer and 4 feeder bays. There is room in the substation for a future transformer. Construct a 115kV transmission line between Clemson Wind Turbine & Coast Guard Sub. The Coast Guard Substation will be served radially from this new line.,Growth Load Transmission Line Design,Planned,12/31/27,2027,2027,2028,spend,5560000.0,115.0,Clemson Wind Turbine,Coast Guard,"[[""Clemson Wind Turbine"", ""Coast Guard""]]",description,2026-2030,12/31/27,2027,2028,2026-2030,"6842 C,D",,True,
DESC,"6864 D, E",Millrace 115 kV Tap: Construct,"Construct Millrace 115kV tap from the existing Dunbar Road – Lyles 115kV line. Due to added load on the Dunbar Road – Lyles 115kV line, rebuild with 1272 ACSR.",Load Growth.,Planned,12/31/2028,2028,2028,2028,spend,3200000.0,115.0,Millrace,,"[[""Millrace"", null]]",title,2026-2030,12/31/2028,2028,2028,2026-2030,"6864 D, E",,True,
DESC,6888,Okatie – McIntosh 115kV Tie: Add Series Reactor,Construct Deerfield Switching Station and Install a 9% series reactor on the Okatie – McIntosh 115kV Tie Line.,This project is needed to improve system performance and to meet NERC TPL and internal DESC Planning Criteria for reliability.,Planned,12/31/2028,2028,2028,2028,spend,5376418.0,115.0,Okatie,Mcintosh,"[[""Okatie"", ""Mcintosh""]]",title,2026-2030,12/31/2028,2028,2028,2026-2030,6888,,True,
DESC,6809 R,CAE Industrial Park - Springdale Sub 115kV: Replace Laminated Wood Polls.,"There are 28 laminated wood poles on the CAE Industrial Park - Springdale Sub 115kV line, and 5 have been identified as ""rotten"" by OSMOSE inspections. Replace all 28 laminated wood poles.",System Hardening,Planned,12/31/2028,2028,2027,2028,spend,4450000.0,115.0,Cae Industrial Park,Springdale,"[[""Cae Industrial Park"", ""Springdale""]]",title,2026-2030,12/31/2028,2027,2028,2026-2030,6809 R,,True,
DESC,6809 O,St. George- Holly Hill 115kV: Rebuild Structures 83-108,"Rebuild Structures 83-108 on existing St. George – Holly Hill 115 kV transmission line. Total length, 3.4 miles. Replace flat switches at Don's Car Crushing with new flat switches. Distribution wants to be underbuilt when we rebuild.",System Hardening,Planned,12/31/2028,2028,2028,2028,spend,8125000.0,115.0,St. George- Holly Hill,,"[[""St. George- Holly Hill"", null]]",title,2026-2030,12/31/2028,2028,2028,2026-2030,6809 O,,True,
DESC,6877 A,Church Creek – Dawson 230 kV: Rebuild from Long Savannah to Dawson,"Rebuild Dawson – Long Savannah 230kV Line SPSC B1272 (Designed SPDC B1272). Approximately 13.6 miles. 6869C includes rebuild from Long Savannah – Church Creek 230kV (3.0 miles). For 8 miles (Dawson – Mateeba), include the rebuild of Dawson – Faber Place SPSC B1272 (Designed SPDC B1272)",Growth Load Transmission Line Design,Planned,12/31/2029,2029,2028,2029,spend,42375000.0,230.0,Church Creek,Dawson,"[[""Church Creek"", ""Dawson""]]",title,2026-2030,12/31/2029,2028,2029,2026-2030,6877 A,,True,
DESC,6869 D,Long Savannah 115 kV Tap: Construct,Rebuild Church Creek - Dawson 230kV line from Long Savannah to Church Creek. Include Long Savannah 115kV Tap SPDC with Church Creek - Dawson 230kV from Long Savannah to tap point with Church Creek - Ravenel (BEC) 115kV Line and SPSC from Tap Point to Church Creek. Long Savannah will be fed from Church Creek – Ravenel (BEC) 115 kV.,Load Growth.,Planned,12/31/2029,2029,2029,2029,spend,5100000.0,115.0,Long Savannah,Church Creek,"[[""Long Savannah"", ""Church Creek""]]",description,2026-2030,12/31/2029,2029,2029,2026-2030,6869 D,,True,
DESC,6809 M (Modoc Mccormick),Modoc – McCormick 115/46 kV Rebuild,Rebuilding the section of 115/46kV line between Modoc and McCormick. Lines will be SPDC with 115 kV insulation on both sides.,System Hardening,Planned,12/31/29,2029,2028,2029,spend,19800000.0,115.0,Modoc,Mccormick,"[[""Modoc"", ""Mccormick""]]",title,2026-2030,12/31/29,2028,2029,2026-2030,6809 M,source PDF reuses ID 6809 M for a different project,True,
DESC,6809 T,Stevens Creek - Graniteville 115 kV: Rebuild,"Rebuilding the 15 mile section of 115 kv line between Stevens Creek and Graniteville. This line was built in the early 1960s, has small wire, and is in rough shape, as noted by the extensive damage during the hurricane.",System Hardening,Planned,12/31/29,2029,2028,2029,spend,18200000.0,115.0,Stevens Creek,Graniteville,"[[""Stevens Creek"", ""Graniteville""]]",title,2026-2030,12/31/29,2028,2029,2026-2030,6809 T,,True,
DESC,6810 N,Calhoun County - North 46 kV Rebuild,System Hardening project – Rebuilding the 46 kV line between North and Calhoun County. 9.5 miles,System Hardening,Planned,12/31/2029,2029,2029,2029,spend,10200000.0,46.0,Calhoun County,North,"[[""Calhoun County"", ""North""]]",title,2026-2030,12/31/2029,2029,2029,2026-2030,6810 N,,True,
DESC,0147 A-I,Clements Ferry Rd Sub: 115kV Tap from Cainhoy,Construct a 115 kV tap from Cainhoy to Clements Ferry. Approximately 2.8 miles. Construct terminal at Cainhoy.,Load growth.,Planned,12/31/2031,2031,2030,2030,spend,9750000.0,115.0,Clements Ferry Rd,,"[[""Clements Ferry Rd"", null]]",title,2026-2030,12/31/2031,2030,2030,2026-2030,0147 A-I,,True,
