overlap_label,utility_a,project_id_a,name_a,utility_b,project_id_b,name_b,center_distance_mi,closest_distance_mi,proximity_tier,in_service_gap_days,build_windows_overlap,location_confidence,override_involved,score,shared_row_acres
OVL_1,DESC,06367 D - G,Jasper – Okatie 230 kV #2: Construct,GPC,20277,SAV: MCINTOSH - PURRYSBURG 230KV REACTORS,3.75,0.0,touching/crossing,152,True,low,False,0.8533,5.6
OVL_2,DESC,6810 O,Urquhart – Aiken PSA 46 kV: Rebuild,GPC,16007,FENWICK STREET - SAND BAR FERRY 115KV (RECONDUCTOR/REBUILD),2.25,1.44,under 5 mi,578,False,low,False,0.7788,
OVL_3,DESC,6852,Urquhart – Toolebeck 115kV line: Rebuild,GPC,16007,FENWICK STREET - SAND BAR FERRY 115KV (RECONDUCTOR/REBUILD),9.52,1.62,under 5 mi,72,True,low,False,0.7136,
OVL_4,DESC,"06367 A - C, H",Riverport Tap: Construct Tap,GPC,20277,SAV: MCINTOSH - PURRYSBURG 230KV REACTORS,9.1,5.44,under 25 mi,152,True,low,False,0.7035,
OVL_5,DESC,6888,Okatie – McIntosh 115kV Tie: Add Series Reactor,GPC,20277,SAV: MCINTOSH - PURRYSBURG 230KV REACTORS,2.72,0.0,touching/crossing,944,False,low,False,0.6652,4.3
OVL_6,DESC,6888,Okatie – McIntosh 115kV Tie: Add Series Reactor,GPC,20065,SAV: GOSHEN (SAV) - MCINTOSH 115KV LINE REBUILD,7.1,0.0,touching/crossing,579,False,low,False,0.6425,1.1
OVL_7,DESC,06367 D - G,Jasper – Okatie 230 kV #2: Construct,GPC,20065,SAV: GOSHEN (SAV) - MCINTOSH 115KV LINE REBUILD,8.6,2.99,under 5 mi,517,True,low,False,0.6177,
OVL_8,DESC,"0139 M,N","Okatie 230-115kV Substation, Jasper – Yemassee 230kV #1 Fold-in",GPC,20277,SAV: MCINTOSH - PURRYSBURG 230KV REACTORS,9.1,5.44,under 25 mi,517,True,low,False,0.6035,
OVL_9,DESC,6810 A,Hooks - Thurmond 115kV Tie: Rebuild,GPC,20793,EVANS PRIMARY - THURMOND DAM (USA) #5 115KV REBUILD,3.91,0.0,touching/crossing,3074,False,medium,False,0.5906,1.2
OVL_10,DESC,6810 A,Hooks - Thurmond 115kV Tie: Rebuild,GPC,20794,EVANS PRIMARY - THURMOND DAM (USA) #6 115KV REBUILD,3.91,0.0,touching/crossing,3074,False,medium,False,0.5906,1.2
OVL_11,DESC,6809 G,Stevens Creek - Hooks 115kV/LR Plumb Branch 46kV,GPC,20794,EVANS PRIMARY - THURMOND DAM (USA) #6 115KV REBUILD,4.45,2.01,under 5 mi,2709,False,low,False,0.5753,
OVL_12,DESC,6809 G,Stevens Creek - Hooks 115kV/LR Plumb Branch 46kV,GPC,20793,EVANS PRIMARY - THURMOND DAM (USA) #5 115KV REBUILD,4.45,2.01,under 5 mi,2709,False,low,False,0.5753,
OVL_13,DESC,6809 E,Stevens Creek - Hooks 115kV/LR Plumb Branch 46kV Rebuilds,GPC,20793,EVANS PRIMARY - THURMOND DAM (USA) #5 115KV REBUILD,4.45,2.01,under 5 mi,3074,False,low,False,0.5753,
OVL_14,DESC,6809 E,Stevens Creek - Hooks 115kV/LR Plumb Branch 46kV Rebuilds,GPC,20794,EVANS PRIMARY - THURMOND DAM (USA) #6 115KV REBUILD,4.45,2.01,under 5 mi,3074,False,low,False,0.5753,
OVL_15,DESC,6809 G,Stevens Creek - Hooks 115kV/LR Plumb Branch 46kV,GPC,16007,FENWICK STREET - SAND BAR FERRY 115KV (RECONDUCTOR/REBUILD),14.13,8.63,under 25 mi,152,True,low,False,0.5629,
OVL_16,DESC,6888,Okatie – McIntosh 115kV Tie: Add Series Reactor,GPC,20785,SAV: GOSHEN (SAV) - KRAFT 115KV LINE REBUILD,10.15,7.36,under 25 mi,579,False,low,False,0.5573,
OVL_17,DESC,6808 S,Okatie-Bluffton 115kV: Rebuild,GPC,20277,SAV: MCINTOSH - PURRYSBURG 230KV REACTORS,12.76,5.44,under 25 mi,365,True,low,False,0.5428,
OVL_18,DESC,06367 D - G,Jasper – Okatie 230 kV #2: Construct,GPC,20785,SAV: GOSHEN (SAV) - KRAFT 115KV LINE REBUILD,11.28,9.1,under 25 mi,517,True,low,False,0.5424,
OVL_19,DESC,6808 S,Okatie-Bluffton 115kV: Rebuild,GPC,20067,SAV: DEPTFORD - MAGNOLIA 115KV RECONDUCTOR,17.24,15.21,under 25 mi,0,True,low,False,0.5173,
OVL_20,DESC,6809 G (Hooks Modoc),Hooks - Modoc 115/46 kV Rebuild,GPC,20793,EVANS PRIMARY - THURMOND DAM (USA) #5 115KV REBUILD,6.53,1.83,under 5 mi,1979,False,medium,False,0.5172,
OVL_21,DESC,6809 G (Hooks Modoc),Hooks - Modoc 115/46 kV Rebuild,GPC,20794,EVANS PRIMARY - THURMOND DAM (USA) #6 115KV REBUILD,6.53,1.83,under 5 mi,1979,False,medium,False,0.5172,
OVL_22,DESC,"06367 A - C, H",Riverport Tap: Construct Tap,GPC,20065,SAV: GOSHEN (SAV) - MCINTOSH 115KV LINE REBUILD,13.16,13.0,under 25 mi,517,True,low,False,0.4899,
OVL_23,DESC,"06367 A - C, H",Riverport Tap: Construct Tap,GPC,20785,SAV: GOSHEN (SAV) - KRAFT 115KV LINE REBUILD,13.39,13.35,under 25 mi,517,True,low,False,0.4835,
OVL_24,DESC,"0139 M,N","Okatie 230-115kV Substation, Jasper – Yemassee 230kV #1 Fold-in",GPC,20067,SAV: DEPTFORD - MAGNOLIA 115KV RECONDUCTOR,17.09,15.29,under 25 mi,152,True,low,False,0.4799,
OVL_25,DESC,"06367 A - C, H",Riverport Tap: Construct Tap,GPC,20066,SAV: BOULEVARD - DEPTFORD 115KV RECONDUCTOR,17.16,15.29,under 25 mi,152,True,low,False,0.478,
OVL_26,DESC,6810 O,Urquhart – Aiken PSA 46 kV: Rebuild,GPC,21116,GOSHEN AREA STRATEGIC SOLUTION,10.43,9.29,under 25 mi,883,True,low,True,0.466,
OVL_27,DESC,"06367 A - C, H",Riverport Tap: Construct Tap,GPC,20067,SAV: DEPTFORD - MAGNOLIA 115KV RECONDUCTOR,17.09,15.29,under 25 mi,213,True,low,False,0.4632,
OVL_28,DESC,6809 E,Stevens Creek - Hooks 115kV/LR Plumb Branch 46kV Rebuilds,GPC,16007,FENWICK STREET - SAND BAR FERRY 115KV (RECONDUCTOR/REBUILD),14.13,8.63,under 25 mi,517,True,low,False,0.4629,
OVL_29,DESC,6888,Okatie – McIntosh 115kV Tie: Add Series Reactor,GPC,20783,SAV: COLEMAN - DEAN FOREST 115KV LINE REBUILD,17.11,16.72,under 25 mi,213,True,low,False,0.4627,
OVL_30,DESC,6809 T,Stevens Creek - Graniteville 115 kV: Rebuild,GPC,16007,FENWICK STREET - SAND BAR FERRY 115KV (RECONDUCTOR/REBUILD),8.48,7.51,under 25 mi,1309,False,low,False,0.4625,
OVL_31,DESC,6809 T,Stevens Creek - Graniteville 115 kV: Rebuild,GPC,21116,GOSHEN AREA STRATEGIC SOLUTION,17.92,17.02,under 25 mi,152,True,low,True,0.4565,
OVL_32,DESC,06367 D - G,Jasper – Okatie 230 kV #2: Construct,GPC,20066,SAV: BOULEVARD - DEPTFORD 115KV RECONDUCTOR,18.49,15.29,under 25 mi,152,True,low,False,0.4406,
OVL_33,DESC,06367 D - G,Jasper – Okatie 230 kV #2: Construct,GPC,20067,SAV: DEPTFORD - MAGNOLIA 115KV RECONDUCTOR,18.94,15.29,under 25 mi,213,True,low,False,0.4113,
OVL_34,DESC,6888,Okatie – McIntosh 115kV Tie: Add Series Reactor,GPC,21006,SAV: BOULEVARD - MAGNOLIA 115 KV LINE REBUILD,19.71,18.9,under 25 mi,152,True,low,False,0.4065,
OVL_35,DESC,6808 S,Okatie-Bluffton 115kV: Rebuild,GPC,20066,SAV: BOULEVARD - DEPTFORD 115KV RECONDUCTOR,17.69,15.21,under 25 mi,365,True,low,False,0.4047,
OVL_36,DESC,"0139 M,N","Okatie 230-115kV Substation, Jasper – Yemassee 230kV #1 Fold-in",GPC,20065,SAV: GOSHEN (SAV) - MCINTOSH 115KV LINE REBUILD,13.16,13.0,under 25 mi,882,True,low,False,0.3899,
OVL_37,DESC,"0139 M,N","Okatie 230-115kV Substation, Jasper – Yemassee 230kV #1 Fold-in",GPC,20785,SAV: GOSHEN (SAV) - KRAFT 115KV LINE REBUILD,13.39,13.35,under 25 mi,882,True,low,False,0.3835,
OVL_38,DESC,6888,Okatie – McIntosh 115kV Tie: Add Series Reactor,GPC,21023,SAV: DEAN FOREST - LITTLE OGEECHEE 230 KV REBUILD,20.57,17.39,under 25 mi,152,True,low,False,0.3824,
OVL_39,DESC,"0139 M,N","Okatie 230-115kV Substation, Jasper – Yemassee 230kV #1 Fold-in",GPC,20066,SAV: BOULEVARD - DEPTFORD 115KV RECONDUCTOR,17.16,15.29,under 25 mi,517,True,low,False,0.378,
OVL_40,DESC,6888,Okatie – McIntosh 115kV Tie: Add Series Reactor,GPC,20407,SAV: MAGNOLIA - TRUMAN PARKWAY 115KV REBUILD,20.2,18.9,under 25 mi,213,True,low,False,0.376,
OVL_41,DESC,6808 S,Okatie-Bluffton 115kV: Rebuild,GPC,20785,SAV: GOSHEN (SAV) - KRAFT 115KV LINE REBUILD,16.09,13.35,under 25 mi,730,True,low,False,0.3494,
OVL_42,DESC,6810 A,Hooks - Thurmond 115kV Tie: Rebuild,GPC,17993,EVANS PRIMARY - THOMSON PRIMARY 115KV REBUILD,12.82,7.81,under 25 mi,3652,False,medium,False,0.3411,
OVL_43,DESC,6808 S,Okatie-Bluffton 115kV: Rebuild,GPC,20065,SAV: GOSHEN (SAV) - MCINTOSH 115KV LINE REBUILD,16.71,13.0,under 25 mi,730,True,low,False,0.3321,
OVL_44,DESC,6809 G,Stevens Creek - Hooks 115kV/LR Plumb Branch 46kV,GPC,17993,EVANS PRIMARY - THOMSON PRIMARY 115KV REBUILD,13.16,5.77,under 25 mi,3287,False,low,False,0.3314,
OVL_45,DESC,6809 E,Stevens Creek - Hooks 115kV/LR Plumb Branch 46kV Rebuilds,GPC,17993,EVANS PRIMARY - THOMSON PRIMARY 115KV REBUILD,13.16,5.77,under 25 mi,3652,False,low,False,0.3314,
OVL_46,DESC,6810 A,Hooks - Thurmond 115kV Tie: Rebuild,GPC,16007,FENWICK STREET - SAND BAR FERRY 115KV (RECONDUCTOR/REBUILD),19.4,17.58,under 25 mi,517,True,low,False,0.3152,
OVL_47,DESC,06367 D - G,Jasper – Okatie 230 kV #2: Construct,GPC,17075,SAV: LITTLE OGEECHEE 230- 115KV: RELAY MODERNIZATION,24.68,24.66,under 25 mi,0,True,low,False,0.3088,
OVL_48,DESC,6808 L,Burton-St Helena 115kV: Frogmore Distribution - St Helena,GPC,20277,SAV: MCINTOSH - PURRYSBURG 230KV REACTORS,23.2,19.4,under 25 mi,152,True,low,False,0.3087,
OVL_49,DESC,"0139 M,N","Okatie 230-115kV Substation, Jasper – Yemassee 230kV #1 Fold-in",GPC,19523,SAV: CC - HYUNDAI MOTORS SAVANNAH AKA. PROJECT EA,24.85,24.85,under 25 mi,1,True,low,True,0.304,
OVL_50,DESC,06367 D - G,Jasper – Okatie 230 kV #2: Construct,GPC,19523,SAV: CC - HYUNDAI MOTORS SAVANNAH AKA. PROJECT EA,21.92,20.03,under 25 mi,364,True,low,True,0.2865,
OVL_51,DESC,6809 T,Stevens Creek - Graniteville 115 kV: Rebuild,GPC,20793,EVANS PRIMARY - THURMOND DAM (USA) #5 115KV REBUILD,14.78,6.87,under 25 mi,1248,True,high,False,0.2862,
OVL_52,DESC,6809 T,Stevens Creek - Graniteville 115 kV: Rebuild,GPC,20794,EVANS PRIMARY - THURMOND DAM (USA) #6 115KV REBUILD,14.78,6.87,under 25 mi,1248,False,high,False,0.2862,
OVL_53,DESC,6809 G (Hooks Modoc),Hooks - Modoc 115/46 kV Rebuild,GPC,17993,EVANS PRIMARY - THOMSON PRIMARY 115KV REBUILD,15.07,7.81,under 25 mi,2557,False,medium,False,0.278,
OVL_54,DESC,06367 D - G,Jasper – Okatie 230 kV #2: Construct,GPC,19966,SAV: CC - BIG OGEECHEE 500/230KV (CC NETWORK IMPROVEMENTS),24.68,24.66,under 25 mi,152,True,low,True,0.2672,
OVL_55,DESC,6809 M (Modoc Mccormick),Modoc – McCormick 115/46 kV Rebuild,GPC,20794,EVANS PRIMARY - THURMOND DAM (USA) #6 115KV REBUILD,15.61,5.27,under 25 mi,1248,False,high,False,0.263,
OVL_56,DESC,6809 M (Modoc Mccormick),Modoc – McCormick 115/46 kV Rebuild,GPC,20793,EVANS PRIMARY - THURMOND DAM (USA) #5 115KV REBUILD,15.61,5.27,under 25 mi,1248,True,high,False,0.263,
OVL_57,DESC,06367 D - G,Jasper – Okatie 230 kV #2: Construct,GPC,20783,SAV: COLEMAN - DEAN FOREST 115KV LINE REBUILD,18.04,17.92,under 25 mi,883,True,low,False,0.2528,
OVL_58,DESC,6852,Urquhart – Toolebeck 115kV line: Rebuild,GPC,21116,GOSHEN AREA STRATEGIC SOLUTION,16.43,9.29,under 25 mi,1389,True,low,True,0.2399,
OVL_59,DESC,6809 G (Hooks Modoc),Hooks - Modoc 115/46 kV Rebuild,GPC,16007,FENWICK STREET - SAND BAR FERRY 115KV (RECONDUCTOR/REBUILD),21.51,17.58,under 25 mi,578,False,low,False,0.2394,
OVL_60,DESC,6888,Okatie – McIntosh 115kV Tie: Add Series Reactor,GPC,20066,SAV: BOULEVARD - DEPTFORD 115KV RECONDUCTOR,18.08,15.29,under 25 mi,944,False,low,False,0.2352,
OVL_61,DESC,"06367 A - C, H",Riverport Tap: Construct Tap,GPC,20783,SAV: COLEMAN - DEAN FOREST 115KV LINE REBUILD,18.8,18.58,under 25 mi,883,True,low,False,0.2316,
OVL_62,DESC,"06367 A - C, H",Riverport Tap: Construct Tap,GPC,20407,SAV: MAGNOLIA - TRUMAN PARKWAY 115KV REBUILD,18.9,18.9,under 25 mi,883,True,low,False,0.2288,
OVL_63,DESC,6808 K,Burton-St Helena 115kV: Rebuild Burton-Frogmore Transmission Section,GPC,20277,SAV: MCINTOSH - PURRYSBURG 230KV REACTORS,23.2,19.4,under 25 mi,517,True,low,False,0.2087,
OVL_64,DESC,"06367 A - C, H",Riverport Tap: Construct Tap,GPC,19523,SAV: CC - HYUNDAI MOTORS SAVANNAH AKA. PROJECT EA,24.85,24.85,under 25 mi,364,True,low,True,0.2046,
OVL_65,DESC,6888,Okatie – McIntosh 115kV Tie: Add Series Reactor,GPC,20784,SAV: COLEMAN - MELDRIM 115KV LINE REBUILD,18.29,16.72,under 25 mi,1248,False,low,False,0.1878,
OVL_66,DESC,06367 D - G,Jasper – Okatie 230 kV #2: Construct,GPC,20407,SAV: MAGNOLIA - TRUMAN PARKWAY 115KV REBUILD,20.56,18.9,under 25 mi,883,True,low,False,0.1825,
OVL_67,DESC,6888,Okatie – McIntosh 115kV Tie: Add Series Reactor,GPC,20067,SAV: DEPTFORD - MAGNOLIA 115KV RECONDUCTOR,18.66,15.29,under 25 mi,1309,False,low,False,0.1774,
OVL_68,DESC,6810 O,Urquhart – Aiken PSA 46 kV: Rebuild,GPC,20794,EVANS PRIMARY - THURMOND DAM (USA) #6 115KV REBUILD,18.7,15.53,under 25 mi,1979,False,medium,False,0.1763,
OVL_69,DESC,6810 O,Urquhart – Aiken PSA 46 kV: Rebuild,GPC,20793,EVANS PRIMARY - THURMOND DAM (USA) #5 115KV REBUILD,18.7,15.53,under 25 mi,1979,False,medium,False,0.1763,
OVL_70,DESC,"0139 M,N","Okatie 230-115kV Substation, Jasper – Yemassee 230kV #1 Fold-in",GPC,20783,SAV: COLEMAN - DEAN FOREST 115KV LINE REBUILD,18.8,18.58,under 25 mi,1248,True,low,False,0.1735,
OVL_71,DESC,"0139 M,N","Okatie 230-115kV Substation, Jasper – Yemassee 230kV #1 Fold-in",GPC,20407,SAV: MAGNOLIA - TRUMAN PARKWAY 115KV REBUILD,18.9,18.9,under 25 mi,1248,True,low,False,0.1707,
OVL_72,DESC,"0139 M,N","Okatie 230-115kV Substation, Jasper – Yemassee 230kV #1 Fold-in",GPC,21006,SAV: BOULEVARD - MAGNOLIA 115 KV LINE REBUILD,19.01,18.9,under 25 mi,1613,False,low,False,0.1676,
OVL_73,DESC,"06367 A - C, H",Riverport Tap: Construct Tap,GPC,21006,SAV: BOULEVARD - MAGNOLIA 115 KV LINE REBUILD,19.01,18.9,under 25 mi,1248,False,low,False,0.1676,
OVL_74,DESC,6808 S,Okatie-Bluffton 115kV: Rebuild,GPC,20407,SAV: MAGNOLIA - TRUMAN PARKWAY 115KV REBUILD,19.12,18.89,under 25 mi,1096,True,low,False,0.1647,
OVL_75,DESC,06367 D - G,Jasper – Okatie 230 kV #2: Construct,GPC,20784,SAV: COLEMAN - MELDRIM 115KV LINE REBUILD,19.54,17.92,under 25 mi,2344,False,low,False,0.1528,
OVL_76,DESC,6808 S,Okatie-Bluffton 115kV: Rebuild,GPC,21006,SAV: BOULEVARD - MAGNOLIA 115 KV LINE REBUILD,19.57,18.89,under 25 mi,1461,False,low,False,0.152,
OVL_77,DESC,6810 A,Hooks - Thurmond 115kV Tie: Rebuild,GPC,14222,THOMSON PRIMARY 230/115KV SECOND TRANSFORMER,19.62,19.0,under 25 mi,3074,False,medium,False,0.1505,
OVL_78,DESC,06367 D - G,Jasper – Okatie 230 kV #2: Construct,GPC,21006,SAV: BOULEVARD - MAGNOLIA 115 KV LINE REBUILD,20.19,18.9,under 25 mi,1248,False,low,False,0.1347,
OVL_79,DESC,6888,Okatie – McIntosh 115kV Tie: Add Series Reactor,GPC,20796,SAV: MELDRIM BANK D REPLACEMENT,20.54,17.68,under 25 mi,1613,False,low,False,0.1249,
OVL_80,DESC,6888,Okatie – McIntosh 115kV Tie: Add Series Reactor,GPC,19523,SAV: CC - HYUNDAI MOTORS SAVANNAH AKA. PROJECT EA,20.54,17.68,under 25 mi,1460,False,low,True,0.1249,
OVL_81,DESC,6808 S,Okatie-Bluffton 115kV: Rebuild,GPC,20783,SAV: COLEMAN - DEAN FOREST 115KV LINE REBUILD,20.6,18.58,under 25 mi,1096,True,low,False,0.1231,
OVL_82,DESC,6809 G,Stevens Creek - Hooks 115kV/LR Plumb Branch 46kV,GPC,14222,THOMSON PRIMARY 230/115KV SECOND TRANSFORMER,20.79,20.29,under 25 mi,2709,True,low,False,0.1179,
OVL_83,DESC,6809 E,Stevens Creek - Hooks 115kV/LR Plumb Branch 46kV Rebuilds,GPC,14222,THOMSON PRIMARY 230/115KV SECOND TRANSFORMER,20.79,20.29,under 25 mi,3074,False,low,False,0.1179,
OVL_84,DESC,6809 G,Stevens Creek - Hooks 115kV/LR Plumb Branch 46kV,GPC,21116,GOSHEN AREA STRATEGIC SOLUTION,21.01,17.09,under 25 mi,1613,True,low,True,0.1116,
OVL_85,DESC,6809 E,Stevens Creek - Hooks 115kV/LR Plumb Branch 46kV Rebuilds,GPC,21116,GOSHEN AREA STRATEGIC SOLUTION,21.01,17.09,under 25 mi,1978,False,low,True,0.1116,
OVL_86,DESC,06367 D - G,Jasper – Okatie 230 kV #2: Construct,GPC,21023,SAV: DEAN FOREST - LITTLE OGEECHEE 230 KV REBUILD,21.45,18.17,under 25 mi,1248,False,low,False,0.0993,
OVL_87,DESC,6809 G (Hooks Modoc),Hooks - Modoc 115/46 kV Rebuild,GPC,14222,THOMSON PRIMARY 230/115KV SECOND TRANSFORMER,21.49,20.29,under 25 mi,1979,True,medium,False,0.0982,
OVL_88,DESC,6809 T,Stevens Creek - Graniteville 115 kV: Rebuild,GPC,17993,EVANS PRIMARY - THOMSON PRIMARY 115KV REBUILD,21.55,6.87,under 25 mi,1826,False,medium,False,0.0966,
OVL_89,DESC,"0139 M,N","Okatie 230-115kV Substation, Jasper – Yemassee 230kV #1 Fold-in",GPC,20784,SAV: COLEMAN - MELDRIM 115KV LINE REBUILD,21.72,19.12,under 25 mi,2709,False,low,False,0.0918,
OVL_90,DESC,"06367 A - C, H",Riverport Tap: Construct Tap,GPC,20784,SAV: COLEMAN - MELDRIM 115KV LINE REBUILD,21.72,19.12,under 25 mi,2344,False,low,False,0.0918,
OVL_91,DESC,"0139 M,N","Okatie 230-115kV Substation, Jasper – Yemassee 230kV #1 Fold-in",GPC,21023,SAV: DEAN FOREST - LITTLE OGEECHEE 230 KV REBUILD,21.81,18.58,under 25 mi,1613,False,low,False,0.0894,
OVL_92,DESC,"06367 A - C, H",Riverport Tap: Construct Tap,GPC,21023,SAV: DEAN FOREST - LITTLE OGEECHEE 230 KV REBUILD,21.81,18.58,under 25 mi,1248,False,low,False,0.0894,
OVL_93,DESC,06367 D - G,Jasper – Okatie 230 kV #2: Construct,GPC,20796,SAV: MELDRIM BANK D REPLACEMENT,21.92,20.03,under 25 mi,2709,False,low,False,0.0862,
OVL_94,DESC,6810 O,Urquhart – Aiken PSA 46 kV: Rebuild,GPC,17993,EVANS PRIMARY - THOMSON PRIMARY 115KV REBUILD,22.15,15.53,under 25 mi,2557,False,medium,False,0.0797,
OVL_95,DESC,6888,Okatie – McIntosh 115kV Tie: Add Series Reactor,GPC,19966,SAV: CC - BIG OGEECHEE 500/230KV (CC NETWORK IMPROVEMENTS),23.78,23.74,under 25 mi,944,False,low,True,0.0756,
OVL_96,DESC,6809 M (Modoc Mccormick),Modoc – McCormick 115/46 kV Rebuild,GPC,17993,EVANS PRIMARY - THOMSON PRIMARY 115KV REBUILD,22.42,13.42,under 25 mi,1826,False,medium,False,0.0721,
OVL_97,DESC,6808 S,Okatie-Bluffton 115kV: Rebuild,GPC,21023,SAV: DEAN FOREST - LITTLE OGEECHEE 230 KV REBUILD,23.27,18.58,under 25 mi,1461,False,low,False,0.0484,
OVL_98,DESC,6888,Okatie – McIntosh 115kV Tie: Add Series Reactor,GPC,17075,SAV: LITTLE OGEECHEE 230- 115KV: RELAY MODERNIZATION,23.78,23.74,under 25 mi,1096,False,low,False,0.0342,
OVL_99,DESC,6888,Okatie – McIntosh 115kV Tie: Add Series Reactor,GPC,20787,SAV: LITTLE OGEECHEE 230/115KV BANK REPLACEMENT,23.78,23.74,under 25 mi,1978,False,low,False,0.0342,
OVL_100,DESC,6852,Urquhart – Toolebeck 115kV line: Rebuild,GPC,20793,EVANS PRIMARY - THURMOND DAM (USA) #5 115KV REBUILD,24.06,16.79,under 25 mi,2485,False,high,False,0.0264,
OVL_101,DESC,6852,Urquhart – Toolebeck 115kV line: Rebuild,GPC,20794,EVANS PRIMARY - THURMOND DAM (USA) #6 115KV REBUILD,24.06,16.79,under 25 mi,2485,False,high,False,0.0264,
OVL_102,DESC,6808 S,Okatie-Bluffton 115kV: Rebuild,GPC,20784,SAV: COLEMAN - MELDRIM 115KV LINE REBUILD,24.19,19.12,under 25 mi,2557,False,low,False,0.0225,
OVL_103,DESC,06367 D - G,Jasper – Okatie 230 kV #2: Construct,GPC,20787,SAV: LITTLE OGEECHEE 230/115KV BANK REPLACEMENT,24.68,24.66,under 25 mi,3074,False,low,False,0.0088,
OVL_104,DESC,"06367 A - C, H",Riverport Tap: Construct Tap,GPC,20796,SAV: MELDRIM BANK D REPLACEMENT,24.85,24.85,under 25 mi,2709,False,low,False,0.0043,
OVL_105,DESC,"0139 M,N","Okatie 230-115kV Substation, Jasper – Yemassee 230kV #1 Fold-in",GPC,20796,SAV: MELDRIM BANK D REPLACEMENT,24.85,24.85,under 25 mi,3074,False,low,False,0.0043,
