utility_id,project_id,name,description,status,kv,in_service_date,in_service_date_updated,build_start,build_end,endpoint_a,lat_a,lon_a,endpoint_b,lat_b,lon_b,geometry_wkt,region,location_confidence,confidence_note,is_override,corridor_group,source_name
DESC,6807 B,Queensboro - Ft Johnson 115 kV & Queensboro-Bayfront 115kV (Queensboro-James Island Sect),Replace the Queensboro – Ft Johnson 115 kV Line and structures as they have reached the end of life.,In Progress,115.0,2023-12-31,,2024,2024,Queensboro,32.7233566,-79.9733901,Ft Johnson,,,POINT (-79.9733901 32.7233566),SC,low,,False,,SCRTP $2M+ planned transmission projects 2024-2028 + 2026-2030 updates
DESC,"0139 M,N","Okatie 230-115kV Substation, Jasper – Yemassee 230kV #1 Fold-in","Expand existing Okatie Transmission sub, add a 230-115 autobank and fold the Jasper – Yemassee 230 kV #1 line into the 230 kV side. Construct two additional 115 kV bus tie lines.",In Progress,230.0,2024-12-31,2026-12-31,2024,2025,Okatie,32.277554,-80.968648,,,,,SC,low,,False,,SCRTP $2M+ planned transmission projects 2024-2028 + 2026-2030 updates
DESC,6341 A-F,Cainhoy - Hamlin 115kV: Rebuild Line and Cainhoy – Hamlin 115 kV #2: Construct New 115 kV Line,"Upgrade the 954 ACSR portion of the Cainhoy – Hamlin 115 kV line to B795 ACSR conductor, construct a new Cainhoy – Hamlin 115 kV #2 line, add terminals to Cainhoy and Hamlin sub to accommodate upgrades.",In Progress,115.0,2025-12-01,2026-12-02,2024,2025,Cainhoy,32.941402,-79.8422757,Hamlin,32.859937,-79.7884409,,SC,high,,False,,SCRTP $2M+ planned transmission projects 2024-2028 + 2026-2030 updates
DESC,6808 K,Burton-St Helena 115kV: Rebuild Burton-Frogmore Transmission Section,Replace wooden structures with Self Supporting Steel Structures and restring with 1272 ACSR conductor for the Burton – Frogmore Transmission section.,In Progress,115.0,2024-12-31,,2024,2024,Burton,32.4364883,-80.7210159,St Helena,,,,SC,low,,False,Burton | St Helena,SCRTP $2M+ planned transmission projects 2024-2028 + 2026-2030 updates
DESC,6808 L,Burton-St Helena 115kV: Frogmore Distribution - St Helena,Replace wooden structures with Self Supporting Steel Structures and upgrade to 795 ACSR for the Frogmore Distribution Tap – St. Helena section.,In Progress,115.0,2025-12-31,2027-12-31,2025,2025,Burton,32.4364883,-80.7210159,St Helena,,,,SC,low,,False,Burton | St Helena,SCRTP $2M+ planned transmission projects 2024-2028 + 2026-2030 updates
DESC,"6808 N,O",VCS1-Denny Terrace 230kV & VCS1-Pineland 230kV: Rebuild Single Circuit Sections,Replace wooden H-Frame structures with Self Supporting Steel Structures and restring with standard 1272 ACSR conductor.,In Progress,230.0,2026-12-31,2028-12-31,2026,2026,Denny Terrace,34.0576091,-81.061561,,,,"MULTIPOINT ((-81.061561 34.0576091), (-81.1503133 32.611892))",SC,low,,False,,SCRTP $2M+ planned transmission projects 2024-2028 + 2026-2030 updates
DESC,6808 R,Wateree-Killian 230kV: Rebuild,Replace wooden H-Frame structures with Self Supporting Steel Structures.,In Progress,230.0,2028-12-31,2029-12-31,2027,2028,Wateree,33.8213074,-80.6284218,Killian,,,,SC,low,,False,,SCRTP $2M+ planned transmission projects 2024-2028 + 2026-2030 updates
DESC,6808 S,Okatie-Bluffton 115kV: Rebuild,Replace wooden H-Frame structures with Self Supporting Steel Structures and upgrade conductor to standard 1272 ACSR.,In Progress,115.0,2025-06-01,,2024,2025,Okatie,32.277554,-80.968648,Bluffton,32.2350272,-80.8533836,,SC,low,,False,,SCRTP $2M+ planned transmission projects 2024-2028 + 2026-2030 updates
DESC,6808 V,Faber Place-Bayfront 115kV: Rebuild North Bridge Terrace to Bayfront Section,Replace wooden structures with Self Supporting Steel Structures and upgrade conductor to standard 1272 ACSR.,Planned,115.0,2028-12-31,2030-12-31,2027,2028,Faber Place,32.8500798,-80.0146241,Bayfront,,,,SC,low,,False,,SCRTP $2M+ planned transmission projects 2024-2028 + 2026-2030 updates
DESC,6809 E,Stevens Creek - Hooks 115kV/LR Plumb Branch 46kV Rebuilds,9.5 miles. Scope includes rebuilding the 115 and 46 kV lines in this corridor SPDC.,In Progress,115.0,2024-12-31,,2024,2024,Stevens Creek,33.5625993,-82.0513618,Hooks,33.65682,-82.159478,"LINESTRING (-82.0513618 33.5625993, -82.159478 33.65682)",SC,low,,False,Hooks | Stevens Creek,SCRTP $2M+ planned transmission projects 2024-2028 + 2026-2030 updates
DESC,6809 G,Stevens Creek - Hooks 115kV/LR Plumb Branch 46kV,Upgrade 6.5 miles of aging conductor with 1272 ACSR and rebuild with SPDC.,Planned,115.0,2025-12-31,,2026,2026,Stevens Creek,33.5625993,-82.0513618,Hooks,33.65682,-82.159478,"LINESTRING (-82.0513618 33.5625993, -82.159478 33.65682)",SC,low,,False,Hooks | Stevens Creek,SCRTP $2M+ planned transmission projects 2024-2028 + 2026-2030 updates
DESC,6805 G,"Edenwood Sub: #1 & #2 230-115kV Autobanks, Replace with 336MVA",Replace Autobank 1 and 2 at Edenwood Substation.,In Progress,230.0,2024-12-25,,2024,2024,Edenwood,34.1386942,-79.826678,,,,,SC,medium,,False,,SCRTP $2M+ planned transmission projects 2024-2028 + 2026-2030 updates
DESC,"1060A, I, L","Williams St Sub: Replace Sw House & Relays, AM Williams Sub: Replace Sw House, and McMeekin Sub: Add Sw House","Replace switch house, switch house equipment, and relay panels at Williams Street substation. Replace the switch house at AM Williams substation. Add Switching House at McMeekin Substation to move relays from plant relay room.",In Progress,,2028-12-31,2028-12-31,2024,2028,Williams St,35.0491473,-78.8864018,,,,,SC,medium,,False,,SCRTP $2M+ planned transmission projects 2024-2028 + 2026-2030 updates
DESC,06005 B,Harleyville 115KV Transmission Tap – Construct (1.4 miles),Extend the 115 kV line from the Blue Circle tap to the Harleyville substation to provide 115 kV service.,Planned,115.0,2027-03-31,2028-12-31,2026,2027,Harleyville,33.2099069,-80.4511658,,,,,SC,low,,False,,SCRTP $2M+ planned transmission projects 2024-2028 + 2026-2030 updates
DESC,06076A,Canadys-Ritter 115KV-Rebld SPDC 230/115KV 1272 (Approx 18 Miles),Rebuild Canadys-Ritter 115 kV line as SPDC with 230 kV on one side and 115 kV on the other side.,In Progress,115.0,2026-06-01,2029-06-01,2025,2026,Canadys,33.0640963,-80.6205999,Ritter,,,,SC,low,,False,,SCRTP $2M+ planned transmission projects 2024-2028 + 2026-2030 updates
DESC,6359,Yemassee– Ritter 230kV #1 & #2: Construct SPDC with B-1272,Construct Ritter – Yemassee 230kV #1 and #2 SPDC with B1272 ACSR on both sides. Convert the existing Ritter – Yemassee 230 kV to 115 kV operation. Convert and add terminals at Ritter and Yemassee. Add 230 kV bus tie at Ritter and upgrade the Yemassee 230 kV bus tie.,Planned,230.0,2026-06-01,2027-06-01,2024,2026,Yemassee,32.6974259,-80.8637929,Ritter,,,,SC,low,,False,,SCRTP $2M+ planned transmission projects 2024-2028 + 2026-2030 updates
DESC,"06367 A - C, H",Riverport Tap: Construct Tap,Construct Okatie – Riverport 230 kV to feed new Distribution substation.,In Progress,,2025-12-31,2026-12-01,2024,2025,Okatie,32.277554,-80.968648,Riverport,,,,SC,low,,False,,SCRTP $2M+ planned transmission projects 2024-2028 + 2026-2030 updates
DESC,06367 D - G,Jasper – Okatie 230 kV #2: Construct,Construct a 230 kV line with B1272 ACSR from Jasper to Okatie 230/115kV Substation. The line is estimated to be 6.5 miles long. This makes Jasper a Medium Impact substation and will require a new CIP Hut.,In Progress,230.0,2025-12-31,2026-12-01,2024,2025,Jasper,32.3591202,-81.1245996,Okatie,32.277554,-80.968648,,SC,low,,False,,SCRTP $2M+ planned transmission projects 2024-2028 + 2026-2030 updates
DESC,06371 D,Wagener 115kV Tap: Construct Tap,Constructing a 115 kV Tap off the Edmund Switching Station- Owens Corning 115 kV Line to feed new Wagener Distribution substation.,Planned,115.0,2025-12-31,2027-12-31,2024,2025,Wagener,33.6501119,-81.3605659,,,,,SC,high,,False,,SCRTP $2M+ planned transmission projects 2024-2028 + 2026-2030 updates
DESC,06372 A,Church Creek - Ritter 230kV - Replace 38 Large Angles and Dead Ends,Replace 6.5 miles of aging conductor.,In Progress,230.0,2024-06-01,2028-12-31,2024,2024,Church Creek,32.8303196,-80.0702792,Ritter,,,POINT (-80.0702792 32.8303196),SC,low,,False,,SCRTP $2M+ planned transmission projects 2024-2028 + 2026-2030 updates
DESC,06810 F,VCS2-Ward 230kV: Rebuild Line,Rebuild 40 miles of 230 kV line.,Planned,230.0,2029-12-31,2032-12-31,2027,2028,Ward,33.87218,-81.6977228,,,,,SC,low,,False,,SCRTP $2M+ planned transmission projects 2024-2028 + 2026-2030 updates
DESC,6809 M,St George - Sumter 230kV Tie: Rebuild Line from Santee Substation - Duke/Progress Energy Tie,Rebuild Line from Santee Substation - Duke/Progress Energy Tie.,Planned,230.0,2025-12-31,2027-12-31,2025,2025,St George,33.199388,-80.5920086,Sumter,33.8976611,-80.3239761,,SC,high,,False,,SCRTP $2M+ planned transmission projects 2024-2028 + 2026-2030 updates
DESC,6810 A,Hooks - Thurmond 115kV Tie: Rebuild,"Rebuilding section of line between Hooks and Thurmond. Approximately 2.3 miles. The line will be rebuilt on existing R/W using steel poles, 115 kV insulation, and 1272 ACSR conductor.",In Progress,115.0,2024-12-31,,2024,2024,Hooks,33.65682,-82.159478,Thurmond,33.6601273,-82.1959307,,SC,medium,,False,,SCRTP $2M+ planned transmission projects 2024-2028 + 2026-2030 updates
DESC,6809 N,Batesburg - Saluda County 115kV: Rebuild,Rebuild 13.5 miles of conductor.,In Progress,115.0,2025-12-31,2026-06-30,2025,2025,Batesburg,33.9134867,-81.5644353,Saluda County,,,,SC,low,,False,,SCRTP $2M+ planned transmission projects 2024-2028 + 2026-2030 updates
DESC,6852,Urquhart – Toolebeck 115kV line: Rebuild,Upgrade the 477 ACSR portions of the Urquhart – Toolebeck 115 kV line to 1272 ACSR. Replace existing structures with Single Pole Double Circuit Structures. Approximately 12.5 miles.,In Progress,115.0,2026-08-12,2026-08-12,2025,2026,Urquhart,33.4333777,-81.909209,Toolebeck,33.5346321,-81.6693272,,SC,high,,False,,SCRTP $2M+ planned transmission projects 2024-2028 + 2026-2030 updates
DESC,6388 A,Williams-Summerville 230kV: Upgrade to SPDC B1272 ACSR,Rebuild the section of the Williams - Summerville 230 kV line from Ladson Jct to Williams. Line to upgraded to B-1272 and designed for a future second circuit. Approximately 10 miles.,Planned,230.0,2027-05-01,2028-05-01,2026,2027,Williams,33.0176985,-79.9321678,Summerville,,,,SC,low,,False,,SCRTP $2M+ planned transmission projects 2024-2028 + 2026-2030 updates
DESC,"0147 C, K",Cainhoy 115 kV Tap: Construct,Construct a 115 kV tap from Cainhoy to Clements Ferry. Approximately 2.8 miles. Construct terminal at Cainhoy.,Planned,115.0,2027-12-31,,2025,2027,Cainhoy,32.941402,-79.8422757,Clements Ferry,,,,SC,low,,False,,SCRTP $2M+ planned transmission projects 2024-2028 + 2026-2030 updates
DESC,"0147 B, J",Jack Primus 115 kV Tap: Construct,Construct a 115 kV tap from Jack Primus to Clements Ferry. Approximately 2.2 miles. Construct terminals at Jack Primus.,Planned,115.0,2027-12-31,,2025,2027,Jack Primus,32.9193841,-79.9044954,Clements Ferry,,,,SC,low,,False,,SCRTP $2M+ planned transmission projects 2024-2028 + 2026-2030 updates
DESC,"6847 A-B, D-H",Church Creek – Faber Place – Charleston Transmission: Add 230kV Line,"Construct a 230 kV transmission line from Church Creek to Charleston Transmission. The Church Creek – Faber Place 230kV and 115kV lines will be rebuilt, and a 230kV line will be added between Faber Place and Charleston Transmission. Add 230/115kV transformer at Charleston Transmission. Add/upgrade terminals and bus work at impacted substations.",In Progress,230.0,2027-05-01,2027-05-01,2024,2027,Church Creek,32.8303196,-80.0702792,Faber Place,32.8500798,-80.0146241,"LINESTRING (-80.0702792 32.8303196, -80.0146241 32.8500798)",SC,low,,False,,SCRTP $2M+ planned transmission projects 2024-2028 + 2026-2030 updates
DESC,6846 A,Eastover – Sumter 115kV DEP Tie: Rebuild with 1272 ACSR,Upgrade the DESC section (approx. 1 mile) of the tie line from 397.5 ACSR Ibis to 1272 ACSR.,Planned,115.0,2026-05-31,2026-05-31,2026,2026,Sumter,33.8976611,-80.3239761,,,,,SC,low,,False,,SCRTP $2M+ planned transmission projects 2024-2028 + 2026-2030 updates
DESC,6810 U,Cameron Jct – Elloree 46 kV Rebuild,Rebuilding the Cameron Jct – Elloree 46 kV Line. 7.3 miles.,Planned,46.0,2026-12-31,2027-12-31,2026,2026,Cameron Jct,33.5636663,-80.7089959,Elloree,33.5323844,-80.5797245,,SC,high,,False,,SCRTP $2M+ planned transmission projects 2024-2028 + 2026-2030 updates
DESC,6810 J,Elloree – Santee City 46 kV: Rebuild,Rebuilding the 46 kV line between Elloree and Santee City. 7 miles.,Planned,46.0,2027-12-31,2027-12-31,2027,2027,Elloree,33.5323844,-80.5797245,Santee City,,,,SC,low,,False,,SCRTP $2M+ planned transmission projects 2024-2028 + 2026-2030 updates
DESC,6810 O,Urquhart – Aiken PSA 46 kV: Rebuild,Rebuilding the section of 46 kV line from Urquhart to the Aiken PSA tap point. TBD if the scope of this project includes rebuilding the actual tap Aiken PSA. 4.5 miles.,Planned,46.0,2027-12-31,2027-12-31,2027,2027,Urquhart,33.4333777,-81.909209,Aiken Psa,33.473195,-81.912753,,SC,medium,,False,,SCRTP $2M+ planned transmission projects 2024-2028 + 2026-2030 updates
DESC,6810 T,Cameron Jct – Cameron – St Matthews 46 kV Rebuild,Rebuilding the 46 kV line between Cameron Jct and St Matthews. 9.8 miles.,Planned,46.0,2028-12-31,2028-12-31,2028,2028,Cameron Jct,33.5636663,-80.7089959,Cameron,33.5636663,-80.7089959,"MULTILINESTRING ((-80.7089959 33.5636663, -80.7089959 33.5636663), (-80.7089959 33.5636663, -80.7610155 33.6860637))",SC,medium,,False,,SCRTP $2M+ planned transmission projects 2024-2028 + 2026-2030 updates
DESC,02726 K,Columbia Canal 115 kV: Rebuild,This is the DESC funded portion of the Columbia Canal project and encompasses replacing the poles on the Columbia side of the canal.,In Progress,115.0,2026-05-31,2026-05-31,2026,2026,Columbia Canal,33.9971705,-81.0492872,,,,,SC,high,,False,,SCRTP $2M+ planned transmission projects 2024-2028 + 2026-2030 updates
DESC,6870 A,Saluda Hydro – Bush River 115kV #1 and #2 Tie Lines Rebuild,Rebuild the existing Saluda Hydro – Bush River #1 and #2 Tie Lines to SPDC 1272.,In Progress,115.0,2026-12-31,2026-12-31,2026,2027,Saluda Hydro,34.0534342,-81.2168339,Bush River,,,,SC,low,,False,,SCRTP $2M+ planned transmission projects 2024-2028 + 2026-2030 updates
DESC,6238 H,Fairfax-Yemassee 115kV: Upgrade for DESCSQ #1151 Interconnection,Upgrade 336 ACSR portion of DESCSQ #1151 - Yemassee 115 kV line to 1272 ACSR.,Planned,115.0,2027-09-07,2027-09-07,2026,2027,Fairfax,32.9543755,-81.2318604,Yemassee,32.6974259,-80.8637929,,SC,medium,,False,,SCRTP $2M+ planned transmission projects 2024-2028 + 2026-2030 updates
DESC,6809 G (Hooks Modoc),Hooks - Modoc 115/46 kV Rebuild,Upgrade 6.5 miles of aging conductor with 1272 ACSR and rebuild with SPDC.,Planned,115.0,2027-12-31,2027-12-31,2027,2027,Hooks,33.65682,-82.159478,Modoc,33.7362884,-82.2015043,,SC,medium,,False,,SCRTP $2M+ planned transmission projects 2024-2028 + 2026-2030 updates
DESC,6808 P,Wateree-Hopkins 230kV Line #1: Rebuild,Rebuilding the Wateree - Hopkins 230 kV Line #1. Line will be rebuilt SPSC with 1272 ACSR.,Planned,230.0,2027-12-31,2027-12-31,2027,2027,Wateree,33.8213074,-80.6284218,Hopkins,,,,SC,low,,False,,SCRTP $2M+ planned transmission projects 2024-2028 + 2026-2030 updates
DESC,6809 I2,Adams Run – Red House Road 46 kV: Replace Dawhoo River Crossing and other Structures,"Set the 2 River Crossing structures on the Dawhoo River and replace the other structures in the marsh with Distribution Underbuild. In addition, replace other structures identified on the 46kV line. Str 2,6,9,12,18,25,38-40,47,48,81-83,95-110 (Dawhoo Marsh),125,130-134,167,168,184,203,206,218- 220,228,230,238,260-262,265,271-273,277,278,299,302. (58 Structures)",Planned,46.0,2027-12-31,2027-12-31,2027,2027,Adams Run,32.7152773,-80.3539332,Red House Road,,,,SC,low,,False,,SCRTP $2M+ planned transmission projects 2024-2028 + 2026-2030 updates
DESC,6809 F,Orangeburg #1 - Cameron Jct 46kV Line Rebuild,"Rebuilding the 7.5 mile Orangeburg #1 – Cameron Jct. 46 kV Line. The line will be rebuilt on existing R/W using steel poles, 115 kV insulation, and 1272 ACSR Conductor",Planned,46.0,2028-12-31,2028-12-31,2028,2028,Orangeburg,33.4595436,-80.8889142,Cameron Jct,33.5636663,-80.7089959,,SC,high,,False,,SCRTP $2M+ planned transmission projects 2024-2028 + 2026-2030 updates
DESC,6888,Okatie – McIntosh 115kV Tie: Add Series Reactor,Construct Deerfield Switching Station and Install a 9% series reactor on the Okatie – McIntosh 115kV Tie Line.,Planned,115.0,2028-12-31,2028-12-31,2028,2028,Okatie,32.277554,-80.968648,Mcintosh,32.352116,-81.175112,,SC,low,,False,,SCRTP $2M+ planned transmission projects 2024-2028 + 2026-2030 updates
DESC,6809 R,CAE Industrial Park - Springdale Sub 115kV: Replace Laminated Wood Polls.,"There are 28 laminated wood poles on the CAE Industrial Park - Springdale Sub 115kV line, and 5 have been identified as ""rotten"" by OSMOSE inspections. Replace all 28 laminated wood poles.",Planned,115.0,2028-12-31,2028-12-31,2027,2028,Cae Industrial Park,33.9621858,-81.1348532,Springdale,33.98202,-81.1178417,,SC,medium,,False,,SCRTP $2M+ planned transmission projects 2024-2028 + 2026-2030 updates
DESC,6877 A,Church Creek – Dawson 230 kV: Rebuild from Long Savannah to Dawson,"Rebuild Dawson – Long Savannah 230kV Line SPSC B1272 (Designed SPDC B1272). Approximately 13.6 miles. 6869C includes rebuild from Long Savannah – Church Creek 230kV (3.0 miles). For 8 miles (Dawson – Mateeba), include the rebuild of Dawson – Faber Place SPSC B1272 (Designed SPDC B1272)",Planned,230.0,2029-12-31,2029-12-31,2028,2029,Church Creek,32.8303196,-80.0702792,Dawson,,,,SC,low,,False,,SCRTP $2M+ planned transmission projects 2024-2028 + 2026-2030 updates
DESC,6869 D,Long Savannah 115 kV Tap: Construct,Rebuild Church Creek - Dawson 230kV line from Long Savannah to Church Creek. Include Long Savannah 115kV Tap SPDC with Church Creek - Dawson 230kV from Long Savannah to tap point with Church Creek - Ravenel (BEC) 115kV Line and SPSC from Tap Point to Church Creek. Long Savannah will be fed from Church Creek – Ravenel (BEC) 115 kV.,Planned,115.0,2029-12-31,2029-12-31,2029,2029,Church Creek,32.8303196,-80.0702792,,,,,SC,low,,False,,SCRTP $2M+ planned transmission projects 2024-2028 + 2026-2030 updates
DESC,6809 M (Modoc Mccormick),Modoc – McCormick 115/46 kV Rebuild,Rebuilding the section of 115/46kV line between Modoc and McCormick. Lines will be SPDC with 115 kV insulation on both sides.,Planned,115.0,2029-12-31,2029-12-31,2028,2029,Modoc,33.7362884,-82.2015043,Mccormick,33.9065361,-82.2928038,,SC,high,,False,,SCRTP $2M+ planned transmission projects 2024-2028 + 2026-2030 updates
DESC,6809 T,Stevens Creek - Graniteville 115 kV: Rebuild,"Rebuilding the 15 mile section of 115 kv line between Stevens Creek and Graniteville. This line was built in the early 1960s, has small wire, and is in rough shape, as noted by the extensive damage during the hurricane.",Planned,115.0,2029-12-31,2029-12-31,2028,2029,Stevens Creek,33.5625993,-82.0513618,Graniteville,33.5834366,-81.804506,,SC,high,,False,,SCRTP $2M+ planned transmission projects 2024-2028 + 2026-2030 updates
DESC,6810 N,Calhoun County - North 46 kV Rebuild,System Hardening project – Rebuilding the 46 kV line between North and Calhoun County. 9.5 miles,Planned,46.0,2029-12-31,2029-12-31,2029,2029,North,33.6098839,-81.0897639,,,,,SC,low,,False,,SCRTP $2M+ planned transmission projects 2024-2028 + 2026-2030 updates
GPC,19523,SAV: CC - HYUNDAI MOTORS SAVANNAH AKA. PROJECT EA,"Construct a new Hyundai 230kV substation with an eight element 230kV ring bus and four 230/25kV banks. Construct a new Newton Rd 230kV substation with a five element 230kV ring bus and loop through the Little Ogeechee - Meldrim Black and White 230kV lines. Build two new 230kV lines connecting from Hyundai - Newton Rd (12 miles) and Hyundai - Meldrim (10 miles). At Meldrim, add a breaker to accommodate for the new Hyundai line. Install a 115/25kV bank at Interstate Centre and build a new 115kV line from Interstate Centre - Hyundai (2.3 miles) for bridge power.",Planned,,2025-01-01,,2022,2025,Meldrim,32.1552821,-81.368377,,,,,219,low,'CC' is not a place. Description: new Hyundai sub + Hyundai-Newton Rd and Hyundai-Meldrim 230kV lines. Hyundai sub is new and not in OSM: enter its site coordinates in lat_a/lon_a.,True,,"Georgia Power 2025 IRP Vol. 3, 10 Year Plan (Table 2)"
GPC,20067,SAV: DEPTFORD - MAGNOLIA 115KV RECONDUCTOR,Reconductor the Deptford - Magnolia 115kV line (approximately 5 miles) using 973.1 C7 ACCS (Everglades) conductor and upgrade the Deptford main bus.,Planned,115.0,2025-06-01,,2023,2025,Deptford,32.0668279,-81.0483845,Magnolia,32.0226869,-81.0861807,,219,high,,False,,"Georgia Power 2025 IRP Vol. 3, 10 Year Plan (Table 2)"
GPC,17075,SAV: LITTLE OGEECHEE 230- 115KV: RELAY MODERNIZATION,Relay modernization with conversion of the 230kV ring bus to BAAH topology and addition of BAAH rung for Big Ogeechee - Little Ogeechee (Red) 230kV Line. Rebuild 115kV straight bus to BAAH design.,Planned,230.0,2025-12-31,,2022,2025,Little Ogeechee,32.0067859,-81.2531513,,,,,219,high,,False,,"Georgia Power 2025 IRP Vol. 3, 10 Year Plan (Table 2)"
GPC,16007,FENWICK STREET - SAND BAR FERRY 115KV (RECONDUCTOR/REBUILD),Reconductor approximately 2.72 miles of transmission line from Fenwick St to East Augusta Jct. with 100C 1351 ACSR conductor.,Planned,115.0,2026-06-01,,2022,2026,Fenwick Street,33.46077,-81.964742,Sand Bar Ferry,33.442514,-81.935045,,215,low,,False,,"Georgia Power 2025 IRP Vol. 3, 10 Year Plan (Table 2)"
GPC,20066,SAV: BOULEVARD - DEPTFORD 115KV RECONDUCTOR,Reconductor the Boulevard - Deptford 115kV line (approximately 8 miles) using 973.1 C7 ACCS (Everglades) conductor. Upgrade main bus and jumpers at Bolton substation from 90C 1590 AAC Coreopsis to 90C (2)1590 AAC Coreopsis or higher rated equipment.,Planned,115.0,2026-06-01,,2025,2026,Boulevard,32.0412308,-81.1444637,Deptford,32.0668279,-81.0483845,,219,high,,False,,"Georgia Power 2025 IRP Vol. 3, 10 Year Plan (Table 2)"
GPC,19966,SAV: CC - BIG OGEECHEE 500/230KV (CC NETWORK IMPROVEMENTS),"Construct a new substation near Little Ogeechee, adjacent to the 500kV and 230kV shared right of way for McCall Road - Thalmann 500kV and the Little Ogeechee - Meldrim 230kV Black and White lines. The new substation will loop in the existing McCall Road - Thalmann 500kV line, the existing Little Ogeechee - Meldrim 230kV lines, and accommodate a new 1344MVA 500/230kV auto transformers with an additional 230kV connection to Little Ogeechee.",Planned,500.0,2026-06-01,,2023,2026,Little Ogeechee,32.0067859,-81.2531513,,,,,219,low,New Big Ogeechee 500/230kV sub 'near Little Ogeechee' is not in OSM yet; Little Ogeechee used as a proxy location.,True,,"Georgia Power 2025 IRP Vol. 3, 10 Year Plan (Table 2)"
GPC,20277,SAV: MCINTOSH - PURRYSBURG 230KV REACTORS,Install reactors on the McIntosh - Purrysburg (Black and White) 230kV tie lines at McIntosh. Rebuild 0.1 miles (GPC portion) for both lines to (2) 200C 1351 ACSS conductor.,Planned,230.0,2026-06-01,,2024,2026,Mcintosh,32.3521162,-81.1751124,Purrysburg,32.335802,-81.031444,,219,low,,False,,"Georgia Power 2025 IRP Vol. 3, 10 Year Plan (Table 2)"
GPC,20785,SAV: GOSHEN (SAV) - KRAFT 115KV LINE REBUILD,Rebuild 9.3 miles of Goshen - Kraft 115kV line from Kraft - Godley J - Rice Hope from 100C 795 ACSR Drake to 200C 1351 ACSS Martin.,Planned,115.0,2027-06-01,,2024,2027,Goshen (SAV),32.2487012,-81.2094724,Kraft,32.1481353,-81.1459835,,219,high,,False,,"Georgia Power 2025 IRP Vol. 3, 10 Year Plan (Table 2)"
GPC,20065,SAV: GOSHEN (SAV) - MCINTOSH 115KV LINE REBUILD,"Rebuild the Goshen (Savannah) - Georgia Pacific (Rincon) section, approximately 6.7 miles, of the Goshen (Sav) - McIntosh 115kV line using 100C 795 ACSR Drake conductor.",Planned,115.0,2027-06-01,,2025,2027,Goshen (SAV),32.2487012,-81.2094724,Mcintosh,32.3521162,-81.1751124,,219,high,,False,,"Georgia Power 2025 IRP Vol. 3, 10 Year Plan (Table 2)"
GPC,20783,SAV: COLEMAN - DEAN FOREST 115KV LINE REBUILD,Rebuild entire line from Coleman to Dean Forest. 6.67 miles of 100C 477 Hawk Conductor with 200C 1351 ACSS Martin conductor.,Planned,115.0,2028-06-01,,2025,2028,Coleman,32.1077199,-81.226912,Dean Forest,32.0835097,-81.1887223,,219,medium,,False,,"Georgia Power 2025 IRP Vol. 3, 10 Year Plan (Table 2)"
GPC,20407,SAV: MAGNOLIA - TRUMAN PARKWAY 115KV REBUILD,Rebuild 3 miles of the Magnolia - Truman Parkway 115kV from 75C 927 ACAR to 200C 1351 ACSS Martin conductor or higher rated conductor. Upgrade 1200A switches at Magnolia substation to 2000A switches and jumpers at Truman Parkway.,Planned,115.0,2028-06-01,,2025,2028,Magnolia,32.0226869,-81.0861807,Truman Parkway,,,,219,low,,False,,"Georgia Power 2025 IRP Vol. 3, 10 Year Plan (Table 2)"
GPC,21006,SAV: BOULEVARD - MAGNOLIA 115 KV LINE REBUILD,Rebuild the entire line from Boulevard to Magnolia (4.56 miles) from 100C 795 ACSR Drake to 200C 1351 ACSS Martin,Planned,115.0,2029-06-01,,2027,2029,Boulevard,32.0412308,-81.1444637,Magnolia,32.0226869,-81.0861807,,219,high,,False,,"Georgia Power 2025 IRP Vol. 3, 10 Year Plan (Table 2)"
GPC,21023,SAV: DEAN FOREST - LITTLE OGEECHEE 230 KV REBUILD,"Rebuild the entire line from Little Ogeechee - Salt Creek and Salt Creek - Dean Forest, approximately 8 miles, using 200C 1351 ACSS/Martin. Upgrade jumpers at the Little Ogeechee terminal.",Planned,230.0,2029-06-01,,2026,2029,Dean Forest,32.0835097,-81.1887223,Little Ogeechee,32.0067859,-81.2531513,,219,high,,False,,"Georgia Power 2025 IRP Vol. 3, 10 Year Plan (Table 2)"
GPC,19996,GOLDENS CREEK - WARRENTON PRIMARY 230KV REBUILD,Rebuild approximately 0.34 miles of the Goldens Creek - Warrenton Primary 230kV line from 100C 1 - 1351.5 ACSR Martin conductor to 200C 1351 ACCR Martin conductor or equivalent.,Planned,230.0,2030-06-01,,2028,2030,Warrenton Primary,33.3805007,-82.687296,,,,,215,low,,False,,"Georgia Power 2025 IRP Vol. 3, 10 Year Plan (Table 2)"
GPC,21116,GOSHEN AREA STRATEGIC SOLUTION,"Construct a 230kV switching station on the Waynesboro - Wilson 230kV line and a new 230kV line between the switching station and Goshen, approximately 12.3 miles. Provides an alternate power flow path into Goshen outside of the existing constrained Goshen - Vogtle corridor.",Planned,,2030-06-01,,2025,2030,Goshen,33.3197599,-81.9953118,,,,,215,low,"New switching station on Waynesboro-Wilson 230kV + 12.3 mi line to Goshen (Augusta side, not Goshen (SAV)); station location unknown, Goshen used.",True,,"Georgia Power 2025 IRP Vol. 3, 10 Year Plan (Table 2)"
GPC,20756,HATCH - WADLEY 500 KV LINE STRATEGIC PROJECT,Construct a new 500kV line from Hatch - Wadley Primary.,Planned,500.0,2031-06-01,,2024,2031,Wadley,32.8846571,-82.4158724,,,,,215,low,,False,,"Georgia Power 2025 IRP Vol. 3, 10 Year Plan (Table 2)"
GPC,20784,SAV: COLEMAN - MELDRIM 115KV LINE REBUILD,Rebuild 3 miles of the Coleman - Meldrim 115kV line from Four Lakes to Meldrim with 200C 1351 ACSS.,Planned,115.0,2032-06-01,,2029,2032,Coleman,32.1077199,-81.226912,Meldrim,32.1552821,-81.368377,,219,medium,,False,,"Georgia Power 2025 IRP Vol. 3, 10 Year Plan (Table 2)"
GPC,20793,EVANS PRIMARY - THURMOND DAM (USA) #5 115KV REBUILD,Rebuild approximately 5.45 miles of Euchee Creek - Thurmond Dam segment of the Evans Primary - Thurmond Dam (USA) #5 115kV line with 200C 1351 ACSS Martin conductor. Replace the main bus with a larger element at Thurmond Dam (USA).,Planned,115.0,2033-06-01,,2029,2033,Evans Primary,33.5439942,-82.1686481,Thurmond Dam,33.6601273,-82.1959307,,215,high,,False,Evans Primary | Thurmond Dam,"Georgia Power 2025 IRP Vol. 3, 10 Year Plan (Table 2)"
GPC,20794,EVANS PRIMARY - THURMOND DAM (USA) #6 115KV REBUILD,Rebuild approximately 8.9 miles of the Evans Primary - Thurmond Dam (USA) #6 115kV line with 200C 1351 ACSS Martin conductor. Replace the main bus with a larger element at Thurmond Dam (USA).,Planned,115.0,2033-06-01,,2030,2033,Evans Primary,33.5439942,-82.1686481,Thurmond Dam,33.6601273,-82.1959307,,215,high,,False,Evans Primary | Thurmond Dam,"Georgia Power 2025 IRP Vol. 3, 10 Year Plan (Table 2)"
GPC,20796,SAV: MELDRIM BANK D REPLACEMENT,Replace 300 MVA 230/115kV Bank D with 400 MVA Bank.,Planned,,2033-06-01,,2030,2033,Meldrim,32.1552821,-81.368377,,,,,219,high,,False,,"Georgia Power 2025 IRP Vol. 3, 10 Year Plan (Table 2)"
GPC,14222,THOMSON PRIMARY 230/115KV SECOND TRANSFORMER,"Install a second 400 MVA, 230/115kV auto transformer at Thomson Primary substation.",Planned,230.0,2033-06-01,,2025,2033,Thomson Primary,33.453955,-82.414219,,,,,215,medium,,False,,"Georgia Power 2025 IRP Vol. 3, 10 Year Plan (Table 2)"
GPC,20787,SAV: LITTLE OGEECHEE 230/115KV BANK REPLACEMENT,Replace SATX 280MVA auto transformer with 400MVA auto transformer.,Planned,230.0,2034-06-01,,2030,2034,Little Ogeechee,32.0067859,-81.2531513,,,,,219,high,,False,,"Georgia Power 2025 IRP Vol. 3, 10 Year Plan (Table 2)"
GPC,17993,EVANS PRIMARY - THOMSON PRIMARY 115KV REBUILD,"Rebuild the existing 100C 336 ACSR conductor for the Thomson Primary to Pumpkin Center 115kV line section (approximately 5.28 miles), part of the Evans Primary - Thomson Primary 115kV line with 200C 1351 ACSS Martin conductor.",Planned,115.0,2034-12-31,,2031,2034,Evans Primary,33.5439942,-82.1686481,Thomson Primary,33.453955,-82.414219,,215,medium,,False,,"Georgia Power 2025 IRP Vol. 3, 10 Year Plan (Table 2)"
