utility,region,name,priority,lat,lon,confidence,confirmed,osm_name,osm_id,operator,score,candidate_lat,candidate_lon,source
DESC,SC,Bluffton,yes,32.2350272,-80.8533836,high,yes,Bluffton Substation,way/498967268,South Carolina Electric & Gas,1.05,32.2350272,-80.8533836,OSM Overpass
DESC,SC,Jasper,yes,32.3591202,-81.1245996,high,yes,Jasper Generating Plant,way/449466227,Dominion Energy South Carolina,1.05,32.3591202,-81.1245996,OSM Overpass
DESC,SC,Stevens Creek,yes,33.5625993,-82.0513618,high,yes,Stevens Creek Power Plant,way/1088635944,"Dominion Energy South Carolina, Inc",1.05,33.5625993,-82.0513618,OSM Overpass
DESC,SC,Thurmond,yes,33.6601273,-82.1959307,high,yes,Thurmond Substation,way/52102019,Georgia Power,1.0,33.6601273,-82.1959307,OSM Overpass
DESC,SC,Toolebeck,yes,33.5346321,-81.6693272,high,yes,Toolebeck Substation,way/1073259467,,1.0,33.5346321,-81.6693272,OSM Overpass
DESC,SC,Urquhart,yes,33.4333777,-81.909209,high,yes,Urquhart Station,way/449466234,"Dominion Energy South Carolina, Inc",1.05,33.4333777,-81.909209,OSM Overpass
DESC,SC,Yemassee,yes,32.6974259,-80.8637929,high,yes,Yemassee Substation,way/185317032,South Carolina Electric & Gas Company,1.05,32.6974259,-80.8637929,OSM Overpass
DESC,SC,Aiken Psa,yes,,,low,no,Saint Pauls Substation,way/1103598951,Lumbee River EMC,0.6,34.8060778,-78.9459204,OSM Overpass
DESC,SC,Hooks,yes,,,low,no,Hagood Power Plant,way/487070945,"Dominion Energy South Carolina, Inc",0.595,32.8272548,-79.9621408,OSM Overpass
DESC,SC,Okatie,yes,,,low,no,Oakdale Substation,way/1027488587,Georgia Power,0.615,32.0114259,-81.0966287,OSM Overpass
DESC,SC,Riverport,yes,,,low,no,Airport Substation,way/1077699987,,0.75,33.9526182,-81.1052395,OSM Overpass
DESC,SC,Mcintosh,yes,32.352116,-81.175112,medium,manual,Plant McIntosh,way/163526649,Georgia Power,1.0,32.3568186,-81.1703463,OSM Overpass
GPC,215,Evans Primary,yes,33.5439942,-82.1686481,high,yes,Evans Primary Substation,way/52103255,Georgia Power,1.05,33.5439942,-82.1686481,OSM Overpass
GPC,215,Goshen,yes,33.3197599,-81.9953118,high,yes,Goshen Substation,way/52019569,Georgia Power,1.05,33.3197599,-81.9953118,OSM Overpass
GPC,215,Fenwick Street,yes,,,low,no,15th Street Substation,way/387268950,Georgia Power,0.61,33.4800189,-81.9848094,OSM Overpass
GPC,215,Sand Bar Ferry,yes,,,low,no,Stanley Substation,way/1003714730,Georgia Power,0.526,31.9787862,-82.3612346,OSM Overpass
GPC,215,Thurmond Dam,yes,33.6601273,-82.1959307,medium,yes,Thurmond Substation,way/52102019,Georgia Power,0.85,33.6601273,-82.1959307,OSM Overpass
GPC,219,Goshen (SAV),yes,32.2487012,-81.2094724,high,yes,Goshen Substation,way/1008141064,Georgia Power,1.05,32.2487012,-81.2094724,OSM Overpass
GPC,219,Kraft,yes,32.1481353,-81.1459835,high,yes,Kraft Substation,way/121986375,Georgia Power,1.05,32.1481353,-81.1459835,OSM Overpass
GPC,219,Little Ogeechee,yes,32.0067859,-81.2531513,high,yes,Little Ogeechee Substation,way/121701191,Georgia Power,1.05,32.0067859,-81.2531513,OSM Overpass
GPC,219,Meldrim,yes,32.1552821,-81.368377,high,yes,Meldrim Substation,way/121624363,Georgia Power,1.05,32.1552821,-81.368377,OSM Overpass
GPC,219,Purrysburg,yes,,,low,no,Burton Substation,way/185362029,South Carolina Electric & Gas Company,0.375,32.4364883,-80.7210159,OSM Overpass
GPC,219,Mcintosh,yes,32.3521162,-81.1751124,medium,yes,McIntosh Substation,way/121624352,Georgia Power,1.05,32.3521162,-81.1751124,OSM Overpass
DESC,SC,Adams Run,,32.7152773,-80.3539332,high,,Adams Run Substation,way/697675375,,1.0,32.7152773,-80.3539332,OSM Overpass
DESC,SC,Batesburg,,33.9134867,-81.5644353,high,,Batesburg Substation,way/178951280,,1.0,33.9134867,-81.5644353,OSM Overpass
DESC,SC,Burton,,32.4364883,-80.7210159,high,,Burton Substation,way/185362029,South Carolina Electric & Gas Company,1.05,32.4364883,-80.7210159,OSM Overpass
DESC,SC,Cainhoy,,32.941402,-79.8422757,high,,Cainhoy Substation,way/229116275,Dominion Energy South Carolina,1.05,32.941402,-79.8422757,OSM Overpass
DESC,SC,Cameron,,33.5636663,-80.7089959,high,,Cameron Substation,way/318318141,,1.0,33.5636663,-80.7089959,OSM Overpass
DESC,SC,Cameron Jct,,33.5636663,-80.7089959,high,,Cameron Substation,way/318318141,,1.0,33.5636663,-80.7089959,OSM Overpass
DESC,SC,Canadys,,33.0640963,-80.6205999,high,,Canadys Substation,way/185032900,South Carolina Electric & Gas Company,1.05,33.0640963,-80.6205999,OSM Overpass
DESC,SC,Church Creek,,32.8303196,-80.0702792,high,,Church Creek Substation,way/185330726,,1.0,32.8303196,-80.0702792,OSM Overpass
DESC,SC,Columbia Canal,,33.9971705,-81.0492872,high,,Columbia Canal Power Plant,way/291364662,South Carolina Electric & Gas Co.,1.05,33.9971705,-81.0492872,OSM Overpass
DESC,SC,Denny Terrace,,34.0576091,-81.061561,high,,Denny Terrace Substation,way/185130609,South Carolina Electric & Gas Company,1.05,34.0576091,-81.061561,OSM Overpass
DESC,SC,Elloree,,33.5323844,-80.5797245,high,,Elloree Substation,way/1075509549,,1.0,33.5323844,-80.5797245,OSM Overpass
DESC,SC,Faber Place,,32.8500798,-80.0146241,high,,Faber Place Substation,way/217507829,,1.0,32.8500798,-80.0146241,OSM Overpass
DESC,SC,Graniteville,,33.5834366,-81.804506,high,,Graniteville Substation,relation/14294792,,1.0,33.5834366,-81.804506,OSM Overpass
DESC,SC,Hamlin,,32.859937,-79.7884409,high,,Hamlin Substation,way/229116306,South Carolina Gas & Electric,1.0,32.859937,-79.7884409,OSM Overpass
DESC,SC,Harleyville,,33.2099069,-80.4511658,high,,Harleyville Substation,way/1075801506,,1.0,33.2099069,-80.4511658,OSM Overpass
DESC,SC,Jack Primus,,32.9193841,-79.9044954,high,,Jack Primus Substation,way/1097237376,South Carolina Gas & Electric,1.0,32.9193841,-79.9044954,OSM Overpass
DESC,SC,Mccormick,,33.9065361,-82.2928038,high,,McCormick Substation,way/1044493458,,1.0,33.9065361,-82.2928038,OSM Overpass
DESC,SC,Modoc,,33.7362884,-82.2015043,high,,Modoc Substation,way/1074904620,,1.0,33.7362884,-82.2015043,OSM Overpass
DESC,SC,Orangeburg,,33.4595436,-80.8889142,high,,Orangeburg Primary Substation,way/722704907,South Carolina Gas & Electric,1.0,33.4595436,-80.8889142,OSM Overpass
DESC,SC,Pineland,,32.611892,-81.1503133,high,,Pineland Substation,way/917253712,,1.0,32.611892,-81.1503133,OSM Overpass
DESC,SC,Springdale,,33.98202,-81.1178417,high,,Springdale Substation,way/185230439,South Carolina Gas & Electric,1.0,33.98202,-81.1178417,OSM Overpass
DESC,SC,St George,,33.199388,-80.5920086,high,,Saint George Switching Station,way/1069480257,,1.0,33.199388,-80.5920086,OSM Overpass
DESC,SC,Sumter,,33.8976611,-80.3239761,high,,Sumter Substation,way/185032893,,1.0,33.8976611,-80.3239761,OSM Overpass
DESC,SC,Wagener,,33.6501119,-81.3605659,high,,Wagener Substation,way/993540535,South Carolina Gas & Electric,1.0,33.6501119,-81.3605659,OSM Overpass
DESC,SC,Ward,,33.87218,-81.6977228,high,,Ward Substation,way/185197506,,1.0,33.87218,-81.6977228,OSM Overpass
DESC,SC,Wateree,,33.8213074,-80.6284218,high,,Wateree Station,relation/17131066,"Dominion Energy South Carolina, Inc",1.05,33.8213074,-80.6284218,OSM Overpass
DESC,SC,Atomic Road,,,,low,,Fair Road Substation,way/394919912,Georgia Power,0.7,32.4012541,-81.7599498,OSM Overpass
DESC,SC,Bayfront,,,,low,,Burton Substation,way/185362029,South Carolina Electric & Gas Company,0.621,32.4364883,-80.7210159,OSM Overpass
DESC,SC,Blue Circle,,,,low,,Black Creek Substation,way/1028292153,Georgia Power,0.545,32.206352,-81.5579018,OSM Overpass
DESC,SC,Boone Hill,,,,low,,Society Hill Substation,way/184990310,Duke Energy Progress,0.636,34.5227353,-79.8436586,OSM Overpass
DESC,SC,Bush River,,,,low,,Ohoopee River Substation,way/318398288,Georgia Power,0.609,32.0060995,-82.161919,OSM Overpass
DESC,SC,Calhoun County,,,,low,,Darlington County Plant,way/159607181,Duke Energy Progress,0.71,34.4188758,-80.1652752,OSM Overpass
DESC,SC,Charleston,,,,low,,Colston Substation,way/1071323494,Edisto Electric,0.706,33.1636376,-81.0832539,OSM Overpass
DESC,SC,Cip,,,,low,,ECI Substation,way/1041751347,,0.667,32.5735169,-82.1161915,OSM Overpass
DESC,SC,Clements Ferry,,,,low,,Pringle Ferry Substation,way/1078768260,Santee Electric Coorperative,0.593,33.4272803,-79.2924511,OSM Overpass
DESC,SC,Clements Ferry Rd,,,,low,,Pringle Ferry Substation,way/1078768260,Santee Electric Coorperative,0.533,33.4272803,-79.2924511,OSM Overpass
DESC,SC,Clemson Wind Turbine,,,,low,,Williams Gas Turbine Substation,way/1065670067,South Carolina Gas & Electric,0.6,33.0149206,-79.930453,OSM Overpass
DESC,SC,Coast Guard,,,,low,,Thomas Island Substation,way/495306293,Dominion Energy South Carolina,0.55,32.874804,-79.92664,OSM Overpass
DESC,SC,Coit,,,,low,,Clito Substation,way/1039587870,Georgia Power,0.667,32.5141043,-81.745557,OSM Overpass
DESC,SC,Dawson,,,,low,,Wilson Power Station,way/557436598,Georgia Power,0.667,33.1375893,-81.7472908,OSM Overpass
DESC,SC,Dead Ends,,,,low,,Dean Forest Substation,way/121674829,Georgia Power,0.6,32.0835097,-81.1887223,OSM Overpass
DESC,SC,Eastover,,,,low,,Eastover Solar,way/1270921047,"Eastover Solar, LLC",0.727,33.9202036,-80.6536372,OSM Overpass
DESC,SC,Flat Rock,,,,low,,Hurl Rock Substation,way/605922396,,0.667,33.6765167,-78.9074773,OSM Overpass
DESC,SC,Ft Johnson,,,,low,,Fort Gordon Substation,way/387371972,Georgia Power,0.571,33.4273989,-82.1470462,OSM Overpass
DESC,SC,Gills Creek,,,,low,,Collins Creek Substation,way/1078768297,,0.75,33.5880725,-79.0499859,OSM Overpass
DESC,SC,Goose Creek Reservoir,,,,low,,Shoe Creek Solar,relation/14551325,Cypress Creek Renewables,0.541,34.8374805,-79.3853852,OSM Overpass
DESC,SC,Hopkins,,,,low,,Caropines Substation,way/342088844,,0.625,33.60842,-78.9886019,OSM Overpass
DESC,SC,Jackson,,,,low,,Jamestown Substation,relation/14255838,,0.625,33.2874139,-79.6843648,OSM Overpass
DESC,SC,Kilbourne Park,,,,low,,Stono Park Substation,way/490789515,Dominion Energy South Carolina,0.633,32.7863051,-80.0243066,OSM Overpass
DESC,SC,Killian,,,,low,,Tillman Substation,way/1064022696,,0.714,32.4428589,-81.1005383,OSM Overpass
DESC,SC,Long Savannah,,,,low,,IKEA Savannah 490,way/1158873159,IKEA Property Inc,0.6,32.1767475,-81.1727324,OSM Overpass
DESC,SC,Lr Plumb Branch,,,,low,,Mill Branch Substation,way/1415823671,,0.692,33.1605474,-80.2449276,OSM Overpass
DESC,SC,Lyles,,,,low,,Allen Substation,way/120676567,Duke Energy,0.6,35.1901479,-81.0110866,OSM Overpass
DESC,SC,Millrace,,,,low,,Mill Branch Substation,way/1415823671,,0.737,33.1605474,-80.2449276,OSM Overpass
DESC,SC,Red House Road,,,,low,,Burroughs Road Substation,way/603522903,,0.643,33.7730354,-78.870619,OSM Overpass
DESC,SC,Replace 38 Large Angles,,,,low,,"Blackville Solar Farm, LLC",relation/15544752,Dominion Energy Inc.,0.508,33.3480304,-81.2639397,OSM Overpass
DESC,SC,Ritter,,,,low,,Register Substation,way/163526651,Georgia Power,0.714,32.4196893,-81.879453,OSM Overpass
DESC,SC,Saluda County,,,,low,,Saluda Substation,way/1041743427,,0.632,33.9973145,-81.766219,OSM Overpass
DESC,SC,Santee City,,,,low,,Barnwell City Substation,way/1071426812,Dominion Energy,0.717,33.2467015,-81.3651292,OSM Overpass
DESC,SC,Scout,,,,low,,Sumter Substation,way/185032893,,0.545,33.8976611,-80.3239761,OSM Overpass
DESC,SC,Square D,,,,low,,Sardis Substation,way/736912376,Georgia Power,0.571,32.9828319,-81.7583356,OSM Overpass
DESC,SC,St Helena,,,,low,,St Stephen Dam,way/1004838041,US Army Corps of Engineers,0.69,33.4268208,-79.9309689,OSM Overpass
DESC,SC,St. George- Holly Hill,,,,low,,Saint George Switching Station,way/1069480257,,0.686,33.199388,-80.5920086,OSM Overpass
DESC,SC,Summerville,,,,low,,Maryville Substation,way/310896013,,0.7,32.7958955,-79.9937526,OSM Overpass
DESC,SC,Summerville Loop,,,,low,,Simmonsville Substation,way/342296525,,0.571,33.4223516,-79.1821488,OSM Overpass
DESC,SC,Union Pier,,,,low,,Union Substation,way/1283079094,Lumbee River EMC,0.667,34.6361875,-79.2478225,OSM Overpass
DESC,SC,Vcs1,,,,low,,Cross Generating Station,way/764679145,South Carolina Public Service Authority,0.444,33.3704657,-80.110916,OSM Overpass
DESC,SC,Vcs2,,,,low,,Cross Substation,way/184789473,,0.444,33.3666594,-80.1149899,OSM Overpass
DESC,SC,Winnsboro West,,,,low,,Swainsboro Substation #2,way/1005695441,Georgia Power,0.692,32.6136325,-82.3341516,OSM Overpass
DESC,SC,Cae Industrial Park,,33.9621858,-81.1348532,medium,,Cayce Industrial Park Substation,way/988763741,South Carolina Gas & Electric,0.95,33.9621858,-81.1348532,OSM Overpass
DESC,SC,Edenwood,,34.1386942,-79.826678,medium,,Danwood Substation,way/830186402,Pee Dee Electric Cooperative,0.8,34.1386942,-79.826678,OSM Overpass
DESC,SC,Fairfax,,32.9543755,-81.2318604,medium,,Fairfax Substation,way/993772289,South Carolina Gas & Electric,1.0,32.9543755,-81.2318604,OSM Overpass
DESC,SC,North,,33.6098839,-81.0897639,medium,,North Substation,relation/14275397,,1.0,33.6098839,-81.0897639,OSM Overpass
DESC,SC,Queensboro,,32.7233566,-79.9733901,medium,,Queensborough Switching Station,way/490188635,Santee Cooper,0.87,32.7233566,-79.9733901,OSM Overpass
DESC,SC,Saluda Hydro,,34.0534342,-81.2168339,medium,,Saluda Hydroelectric Plant,way/186840913,Dominion Energy South Carolina,0.8,34.0534342,-81.2168339,OSM Overpass
DESC,SC,St Matthews,,33.6860637,-80.7610155,medium,,St. Matthews Solar,relation/9610450,"St. Matthews Solar, LLC",0.824,33.6860637,-80.7610155,OSM Overpass
DESC,SC,Williams,,33.0176985,-79.9321678,medium,,Williams Substation,way/184867924,,1.0,33.0176985,-79.9321678,OSM Overpass
DESC,SC,Williams St,,35.0491473,-78.8864018,medium,,Williams Street Substation,way/637699272,Fayetteville Public Works,0.846,35.0491473,-78.8864018,OSM Overpass
GPC,215,Wadley,,32.8846571,-82.4158724,high,,Wadley Substation,way/1005940922,Georgia Power,1.05,32.8846571,-82.4158724,OSM Overpass
GPC,215,Goldens Creek,,,,low,,Tiger Creek Substation,way/170296000,Georgia Power,0.717,33.0945058,-82.9815846,OSM Overpass
GPC,215,Hatch,,,,low,,Hatch Site Substation #1,way/1003201241,Georgia Power,0.638,31.9316826,-82.3529674,OSM Overpass
GPC,215,Thomson Primary,,33.453955,-82.414219,medium,,Thomson Primary Substation,way/160065782,Georgia Power,1.05,33.453955,-82.414219,OSM Overpass
GPC,215,Warrenton Primary,,33.3805007,-82.687296,medium,,Warrenton Primary Substation,way/170296005,Georgia Power,1.05,33.3805007,-82.687296,OSM Overpass
GPC,219,Boulevard,,32.0412308,-81.1444637,high,,Boulevard Substation,way/381797798,Georgia Power,1.05,32.0412308,-81.1444637,OSM Overpass
GPC,219,Dean Forest,,32.0835097,-81.1887223,high,,Dean Forest Substation,way/121674829,Georgia Power,1.05,32.0835097,-81.1887223,OSM Overpass
GPC,219,Deptford,,32.0668279,-81.0483845,high,,Deptford Substation,way/122007500,Georgia Power,1.05,32.0668279,-81.0483845,OSM Overpass
GPC,219,Magnolia,,32.0226869,-81.0861807,high,,Magnolia Substation,way/121857248,Georgia Power,1.05,32.0226869,-81.0861807,OSM Overpass
GPC,219,Hyundai,,,,low,,Hyundai Motors Substation,way/1458221220,,0.667,32.1666218,-81.4609318,OSM Overpass
GPC,219,Rice Hope,,,,low,,Silk Hope Substation,way/1027495919,Georgia Power,0.717,32.0354301,-81.215049,OSM Overpass
GPC,219,Truman Parkway,,,,low,,Interstate Paper Substation,way/621564753,Georgia Power,0.517,31.7407331,-81.4066399,OSM Overpass
GPC,219,Coleman,,32.1077199,-81.226912,medium,,Coleman Substation,way/608270486,Georgia Power,1.05,32.1077199,-81.226912,OSM Overpass
